綠色商店名稱,縣市,聯絡地址,商店編號,聯絡人,連絡電話,綠色商店類型,經度,緯度
7-11一德門市,臺北市,112台北市北投區中央北路四段513號,A000208,滕忠霖,02-27478711#2616,連鎖型綠色商店,121.468518852009,25.128137662601
7-11大信門市,臺北市,106台北市大安區信義路三段33號,A000344,滕忠霖,02-27478711#2616,連鎖型綠色商店,121.534623653411,25.033765018468
7-11大龍門市,臺北市,103台北市大同區昌吉街72號74號76號及蘭州街135號,A000570,滕忠霖,02-27478711#2616,連鎖型綠色商店,121.515785912758,25.065722910252
7-11中福門市,臺北市,104台北市中山區民生東路二段113號,A000214,滕忠霖,02-27478711#2616,連鎖型綠色商店,121.531556212125,25.058106316746
7-11中興醫門市,臺北市,103台北市大同區鄭州路145號B1,A000645,滕忠霖,02-27478711#2616,連鎖型綠色商店,121.508887354987,25.050692439569
7-11木柵門市,臺北市,116台北市文山區木柵路二段157號,A000257,滕忠霖,02-27478711#2616,連鎖型綠色商店,121.562917521951,24.989107327996
7-11世運門市,臺北市,108台北市萬華區昆明街81號83號,A000769,滕忠霖,02-27478711#2616,連鎖型綠色商店,121.504856581569,25.042785748394
7-11仙岩門市,臺北市,116台北市文山區仙岩路18號18-118號18-2號1樓,A000632,滕忠霖,02-27478711#2616,連鎖型綠色商店,121.548521100333,24.998562114778
7-11石捷門市,臺北市,112台北市北投區石牌路二段8號,A000467,滕忠霖,02-27478711#2616,連鎖型綠色商店,121.515503191164,25.11535601463
7-11禾光門市,臺北市,106台北市大安區和平東路二段63號1樓,A000743,滕忠霖,02-27478711#2616,連鎖型綠色商店,121.538535655261,25.025734149397
7-11立仁門市,臺北市,106台北市大安區安和路二段74巷1號,A000287,滕忠霖,02-27478711#2616,連鎖型綠色商店,121.551634222992,25.030228442061
7-11吉安門市,臺北市,104台北市中山區吉林路365號367號農安街137號,A000417,滕忠霖,02-27478711#2616,連鎖型綠色商店,121.53048408289,25.064959193144
7-11吉忠門市,臺北市,106台北市大安區延吉街72號,A000504,滕忠霖,02-27478711#2616,連鎖型綠色商店,121.554110656285,25.04253332738
7-11成功門市,臺北市,114台北市內湖區成功路二段252號,A000179,滕忠霖,02-27478711#2616,連鎖型綠色商店,121.590353335063,25.066158978765
7-11至善天下門市,臺北市,111台北市士林區至善路二段264號,A000588,滕忠霖,02-27478711#2616,連鎖型綠色商店,121.550962748728,25.100394317461
7-11宏泰門市,臺北市,110台北市信義區松仁路91-1號1樓,A000775,滕忠霖,02-27478711#2616,連鎖型綠色商店,121.568896165848,25.036904544121
7-11辛亥門市,臺北市,106台北市大安區辛亥路二段57號,A000268,滕忠霖,02-27478711#2616,連鎖型綠色商店,121.53708055687,25.023068159364
7-11京都門市,臺北市,104台北市中山區林森北路411號,A000481,滕忠霖,02-27478711#2616,連鎖型綠色商店,121.525685275684,25.05969799825
7-11和安門市,臺北市,106台北市大安區和平東路三段230號,A000319,滕忠霖,02-27478711#2616,連鎖型綠色商店,121.554645086431,25.022137265197
7-11明德門市,臺北市,112台北市北投區明德路114號,A000514,滕忠霖,02-27478711#2616,連鎖型綠色商店,121.520199739151,25.109856564137
7-11東崙門市,臺北市,104台北市中山區八德路二段282號,A000256,滕忠霖,02-27478711#2616,連鎖型綠色商店,121.541697476777,25.046904154609
7-11林坊門市,臺北市,115台北市南港區東新街80巷1號108巷2弄30號,A000812,滕忠霖,02-27478711#2616,連鎖型綠色商店,121.587722339475,25.046252293999
7-11林森門市,臺北市,104台北市中山區林森北路500號,A000228,滕忠霖,02-27478711#2616,連鎖型綠色商店,121.525475141371,25.06179288731
7-11松仁門市,臺北市,110台北市信義區松仁路213號,A000360,滕忠霖,02-27478711#2616,連鎖型綠色商店,121.568511352673,25.02683678876
7-11松禾門市,臺北市,105台北市松山區塔悠路31號33號,A000900,滕忠霖,02-27478711#2616,連鎖型綠色商店,121.571616093429,25.050692146202
7-11松運門市,臺北市,104台北市中山區松江路101號,A000733,滕忠霖,02-27478711#2616,連鎖型綠色商店,121.53322312121,25.051155078714
7-11松饒門市,臺北市,105台北市松山區慈祐里八德路四段767號769號,A000248,滕忠霖,02-27478711#2616,連鎖型綠色商店,121.577972844978,25.051204448124
7-11欣旺門市,臺北市,104台北市中山區北安路602之1號1樓604號1樓606號1樓,A000416,滕忠霖,02-27478711#2616,連鎖型綠色商店,121.548921000934,25.081920644772
7-11金恩門市,臺北市,116台北市文山區指南路二段149號,A000241,滕忠霖,02-27478711#2616,連鎖型綠色商店,121.577300616343,24.987445280416
7-11長星門市,臺北市,106台北市大安區基隆路三段85號,A000727,滕忠霖,02-27478711#2616,連鎖型綠色商店,121.544947224457,25.017413937029
7-11長津門市,臺北市,104台北市中山區長安東路一段12號,A000551,滕忠霖,02-27478711#2616,連鎖型綠色商店,121.522901980916,25.04942585018
7-11信中門市,臺北市,106台北市大安區信義路三段99號1樓,A000564,滕忠霖,02-27478711#2616,連鎖型綠色商店,121.538691474841,25.033699513894
7-11信醫門市,臺北市,110台北市信義區吳興街346號348號,A000680,滕忠霖,02-27478711#2616,連鎖型綠色商店,121.566339517742,25.025831672841
7-11建南門市,臺北市,106台北市大安區建國南路二段151巷6之8號,A000273,滕忠霖,02-27478711#2616,連鎖型綠色商店,121.538266596169,25.028691284838
7-11春森門市,臺北市,104台北市中山區長春路67號,A000522,滕忠霖,02-27478711#2616,連鎖型綠色商店,121.526492955874,25.055022572659
7-11科建門市,臺北市,106台北市大安區建國南路一段28號30號,A000338,滕忠霖,02-27478711#2616,連鎖型綠色商店,121.536229877517,25.044279738816
7-11致遠門市,臺北市,112台北市北投區石牌路一段126號,A000223,滕忠霖,02-27478711#2616,連鎖型綠色商店,121.512440276105,25.114031003376
7-11原中門市,臺北市,104台北市中山區中原街121號1樓、新生北路三段3巷41號2樓,A000377,滕忠霖,02-27478711#2616,連鎖型綠色商店,121.529082377222,25.063250332635
7-11師大門市,臺北市,106台北市大安區師大路87號,A000367,滕忠霖,02-27478711#2616,連鎖型綠色商店,121.528556412798,25.023209813527
7-11振華門市,臺北市,112台北市北投區石牌路二段80號82號,A000393,滕忠霖,02-27478711#2616,連鎖型綠色商店,121.516330668172,25.116772616647
7-11晉江門市,臺北市,100台北市中正區和平西路一段26號,A000236,滕忠霖,02-27478711#2616,連鎖型綠色商店,121.520730565079,25.026609848731
7-11晏揚門市,臺北市,114台北市內湖區康寧路三段99巷14號康寧路三段99巷12弄2號,A000252,滕忠霖,02-27478711#2616,連鎖型綠色商店,121.610661106801,25.07262279304
7-11桂林門市,臺北市,108台北市萬華區桂林路156號158號160號,A000387,滕忠霖,02-27478711#2616,連鎖型綠色商店,121.497872779843,25.038405365794
7-11草山門市,臺北市,111台北市士林區格致路28號,A000565,滕忠霖,02-27478711#2616,連鎖型綠色商店,121.546486309518,25.136869677872
7-11崑崙門市,臺北市,104台北市中山區中山北路一段105巷13號,A000510,滕忠霖,02-27478711#2616,連鎖型綠色商店,121.523308419401,25.050795075973
7-11康寧門市,臺北市,114台北市內湖區康寧路三段26巷1號,A000203,滕忠霖,02-27478711#2616,連鎖型綠色商店,121.607979555432,25.072150907978
7-11添恩門市,臺北市,116台北市文山區指南路三段8號10號,A000270,滕忠霖,02-27478711#2616,連鎖型綠色商店,121.579958350202,24.985130869311
7-11統聯門市,臺北市,100台北市中正區忠孝東路二段130-2號130-3號,A000271,滕忠霖,02-27478711#2616,連鎖型綠色商店,121.531804148821,25.042399049291
7-11富邦門市,臺北市,112台北市北投區實踐街22號24號,A000575,滕忠霖,02-27478711#2616,連鎖型綠色商店,121.508121919589,25.114927028825
7-11復旦門市,臺北市,105台北市松山區敦化南路一段5號1樓,A000347,滕忠霖,02-27478711#2616,連鎖型綠色商店,121.549283266789,25.04707032584
7-11惠安門市,臺北市,110台北市信義區惠安里吳興街520號1樓,A000592,滕忠霖,02-27478711#2616,連鎖型綠色商店,121.568857106179,25.022105958789
7-11晶華門市,臺北市,104台北市中山區林森北路262號,A000225,滕忠霖,02-27478711#2616,連鎖型綠色商店,121.525327033142,25.054624893262
7-11華山門市,臺北市,100台北市中正區忠孝東路一段138號,A000221,滕忠霖,02-27478711#2616,連鎖型綠色商店,121.525468268211,25.04408800278
7-11華岡門市,臺北市,111台北市士林區光華路26巷7-1號,A000220,滕忠霖,02-27478711#2616,連鎖型綠色商店,121.541507375213,25.136962800816
7-11華經門市,臺北市,114台北市內湖區行忠路30號,A000534,滕忠霖,02-27478711#2616,連鎖型綠色商店,121.577616530274,25.065235502583
7-11華雙門市,臺北市,108台北市萬華區環河南路二段252號1樓環河南路二段250巷1號1樓,A000786,滕忠霖,02-27478711#2616,連鎖型綠色商店,121.491700011069,25.033163491186
7-11圓慶門市,臺北市,103台北市大同區南京西路127號,A000824,滕忠霖,02-27478711#2616,連鎖型綠色商店,121.514666258131,25.054301896623
7-11新文門市,臺北市,111台北市士林區文昌路64號,A000553,滕忠霖,02-27478711#2616,連鎖型綠色商店,121.521372618862,25.096123528246
7-11新安康門市,臺北市,116台北市文山區木柵路二段88號90號1樓興隆路四段26號,A000866,滕忠霖,02-27478711#2616,連鎖型綠色商店,121.560063903015,24.988610239229
7-11新雲門市,臺北市,100台北市中正區三愛里連雲街81號,A000869,滕忠霖,02-27478711#2616,連鎖型綠色商店,121.530178143424,25.034316924882
7-11新豪美門市,臺北市,112台北市北投區文林北路98號100號,A000466,滕忠霖,02-27478711#2616,連鎖型綠色商店,121.517654909528,25.105629402728
7-11新潭美門市,臺北市,114台北市內湖區新明路425號427號,A000489,滕忠霖,02-27478711#2616,連鎖型綠色商店,121.581053194395,25.054881630957
7-11新羅福門市,臺北市,100台北市中正區羅斯福路三段80號82號,A000457,滕忠霖,02-27478711#2616,連鎖型綠色商店,121.526366724412,25.021986097573
7-11瑞鑫門市,臺北市,114台北市內湖區瑞光路580號,A000856,滕忠霖,02-27478711#2616,連鎖型綠色商店,121.566464491918,25.080059443172
7-11萬芳門市,臺北市,116台北市文山區萬安街23號、25號、27號1樓,A000242,滕忠霖,02-27478711#2616,連鎖型綠色商店,121.57070875241,25.000969187823
7-11萬翔門市,臺北市,100台北市中正區公園路13號,A000282,滕忠霖,02-27478711#2616,連鎖型綠色商店,121.517403452432,25.04548954081
7-11義村門市,臺北市,106台北市大安區忠孝東路三段160號,A000635,滕忠霖,02-27478711#2616,連鎖型綠色商店,121.538345888973,25.04146593392
7-11農安門市,臺北市,104台北市中山區農安街28-1號1樓28-2號1樓,A000355,滕忠霖,02-27478711#2616,連鎖型綠色商店,121.526373681392,25.064815275867
7-11道生門市,臺北市,110台北市信義區新仁里東興路57號,A000218,滕忠霖,02-27478711#2616,連鎖型綠色商店,121.566640092789,25.047457024943
7-11寧波門市,臺北市,100台北市中正區寧波西街3號,A000537,滕忠霖,02-27478711#2616,連鎖型綠色商店,121.5187047429,25.031491259593
7-11榮金門市,臺北市,104台北市中山區龍江路384巷1號384巷3號,A000531,滕忠霖,02-27478711#2616,連鎖型綠色商店,121.540872446048,25.066877810781
7-11榮鑫門市,臺北市,104台北市中山區建國北路三段89號91號1樓,A000478,滕忠霖,02-27478711#2616,連鎖型綠色商店,121.536815604911,25.065651412618
7-11福志門市,臺北市,111台北市士林區雨農路25號,A000244,滕忠霖,02-27478711#2616,連鎖型綠色商店,121.532228943674,25.098570666787
7-11福芝門市,臺北市,111台北市士林區福國路94號,A000267,滕忠霖,02-27478711#2616,連鎖型綠色商店,121.522302171924,25.102117469116
7-11福捷門市,臺北市,111台北市士林區中正路235巷14號,A000521,滕忠霖,02-27478711#2616,連鎖型綠色商店,121.526058102737,25.094770437616
7-11聚鑫門市,臺北市,111台北市士林區延平北路六段350號350之1號1樓,A000886,滕忠霖,02-27478711#2616,連鎖型綠色商店,121.501307683765,25.090676213191
7-11鳳翔門市,臺北市,106台北市大安區忠孝東路四段216巷68號,A000901,滕忠霖,02-27478711#2616,連鎖型綠色商店,121.552844485991,25.038291707187
7-11德福門市,臺北市,114台北市內湖區成功路四段30巷27號29號31號,A000286,滕忠霖,02-27478711#2616,連鎖型綠色商店,121.591943549734,25.082356797104
7-11撫順門市,臺北市,104台北市中山區中山北路三段23-6號,A000412,滕忠霖,02-27478711#2616,連鎖型綠色商店,121.522608027571,25.064853874531
7-11樂得門市,臺北市,105台北市松山區復興北路35號,A000371,滕忠霖,02-27478711#2616,連鎖型綠色商店,121.544219088528,25.050083242846
7-11興芳門市,臺北市,116台北市文山區興光里興隆路三段173、175號,A000744,滕忠霖,02-27478711#2616,連鎖型綠色商店,121.560143112,24.996429255696
7-11興貿門市,臺北市,110台北市信義區景新里莊敬路178巷2號,A000650,滕忠霖,02-27478711#2616,連鎖型綠色商店,121.561032431927,25.031238293755
7-11豫銘門市,臺北市,106台北市大安區大安路二段102號,A000182,滕忠霖,02-27478711#2616,連鎖型綠色商店,121.545956489419,25.030796609368
7-11錦北門市,臺北市,104台北市中山區錦州街8號,A000536,滕忠霖,02-27478711#2616,連鎖型綠色商店,121.523697255889,25.060265243547
7-11靜中門市,臺北市,103台北市大同區寧夏路71號73號,A000261,滕忠霖,02-27478711#2616,連鎖型綠色商店,121.515191384365,25.058503241771
7-11豐安門市,臺北市,106台北市大安區東豐街9號,A000562,滕忠霖,02-27478711#2616,連鎖型綠色商店,121.544273980789,25.036128448277
7-11耀港門市,臺北市,115台北市南港區研究院路一段99號1樓之14,A000386,滕忠霖,02-27478711#2616,連鎖型綠色商店,121.61637160071,25.052304908192
7-11馨瑩門市,臺北市,114台北市內湖區內湖路一段91巷2號,A000378,滕忠霖,02-27478711#2616,連鎖型綠色商店,121.561427722481,25.084631477988
7-11鑫大孝門市,臺北市,100台北市中正區黎明里重慶南路一段1-1號一樓,A000904,滕忠霖,02-27478711#2616,連鎖型綠色商店,121.513383324031,25.046697834063
7-11鑫太原門市,臺北市,103台北市大同區太原路40號42號44號,A000706,滕忠霖,02-27478711#2616,連鎖型綠色商店,121.515113600304,25.050381261413
7-11鑫杭門市,臺北市,100台北市中正區杭州南路一段23號,A000725,滕忠霖,02-27478711#2616,連鎖型綠色商店,121.52646303248,25.042255593018
7-11鑫東一門市,臺北市,104台北市中山區一江街11號13號,A000665,滕忠霖,02-27478711#2616,連鎖型綠色商店,121.531583620949,25.051248830301
7-11鑫長安門市,臺北市,104台北市中山區長安東路一段53巷1之3號,A000698,滕忠霖,02-27478711#2616,連鎖型綠色商店,121.526661432128,25.048953278479
大同綜合訊電股份有限公司-大同3C_仁愛服務站,臺北市,103台北市大同區重慶北路三段133號,A001455,林蔚山,0930255170,連鎖型綠色商店,121.513944492449,25.067912305271
大同綜合訊電股份有限公司-大同3C_台北中山門市,臺北市,104臺北市中山區台北市中山北路三段13號,A001458,張榮華,02-25911834,連鎖型綠色商店,121.522548013144,25.064178125497
大同綜合訊電股份有限公司-大同3C_台北中央北門市,臺北市,112台北市北投區中央北路一段134號,A001456,張榮華,02-28913841,連鎖型綠色商店,121.499025123892,25.13524924644
大同綜合訊電股份有限公司-大同3C_台北內湖門市,臺北市,114台北市內湖區內湖路二段259號,A001452,張榮華,02-27902584,連鎖型綠色商店,121.58999693654,25.082039709707
大同綜合訊電股份有限公司-大同3C_台北文林門市,臺北市,111臺北市士林區文林路488號,A001466,張榮華,02-28313499,連鎖型綠色商店,121.524387002701,25.096263967034
大同綜合訊電股份有限公司-大同3C_台北木新門市,臺北市,116台北市文山區木新路三段228號,A001474,張榮華,02-29394672,連鎖型綠色商店,121.559196711313,24.981451465274
大同綜合訊電股份有限公司-大同3C_台北民權門市,臺北市,104台北市中山區民權東路三段65號,A001454,張榮華,02-25029959,連鎖型綠色商店,121.543356339235,25.062543067645
大同綜合訊電股份有限公司-大同3C_台北石牌門市,臺北市,112臺北市北投區台北市石牌路一段144號,A001472,張榮華,02-28234977,連鎖型綠色商店,121.512886444811,25.114162431617
大同綜合訊電股份有限公司-大同3C_台北忠孝門市,臺北市,台北市忠孝東路五段974號,A001457,沈柏延,02-26539716,連鎖型綠色商店,121.582292794055,25.044370137641
大同綜合訊電股份有限公司-大同3C_台北社子門市,臺北市,111台北市大同區延平北路五段130、132號,A001464,張榮華,02-28122520,連鎖型綠色商店,121.510512270737,25.081929655318
大同綜合訊電股份有限公司-大同3C_台北南京東門市,臺北市,105台北市松山區南京東路五段267號,A001461,林蔚山,0930255170,連鎖型綠色商店,121.565468889459,25.051579035377
大同綜合訊電股份有限公司-大同3C_台北重慶北門市,臺北市,103台北市大同區重慶北路二段174-2、3號,A001459,張榮華,02-25534806,連鎖型綠色商店,121.513422132243,25.059638402918
大同綜合訊電股份有限公司-大同3C_台北莊敬門市,臺北市,110台北市莊敬路386、388號,A001473,張榮華,02-27588973,連鎖型綠色商店,121.565333102627,25.027427922481
大同綜合訊電股份有限公司-大同3C_台北復北二門市,臺北市,105台北市松山區南京東路三段225號,A001468,林蔚山,0930255170,連鎖型綠色商店,121.544510095019,25.051990302579
大同綜合訊電股份有限公司-大同3C_台北萬華門市,臺北市,108臺北市萬華區康定路215號,A001460,張榮華,02-23088048,連鎖型綠色商店,121.501424276038,25.035747883392
大同綜合訊電股份有限公司-大同3C_民生東門市,臺北市,105台北市松山區民生東路五段75號,A001469,林蔚山,0930255170,連鎖型綠色商店,121.558602434377,25.058717608945
大同綜合訊電股份有限公司-大同3C_忠孝復興門市,臺北市,106臺北市大安區台北市大安區忠孝東路三段241號1樓,A001453,張榮華,02-27315405,連鎖型綠色商店,121.540891892063,25.041848861166
大潤發流通事業股份有限公司內湖分公司,臺北市,114臺北市內湖區,A000048,陳道虎,02-87925777#588,連鎖型綠色商店,121.5786291,25.0734541
大潤發流通事業股份有限公司南湖分公司,臺北市,114臺北市內湖區舊宗路一段188號,A000078,白強,02-27905050#501,連鎖型綠色商店,121.57598851322,25.062652744848
中華電信股份有限公司（股）台北營運處士林服務中心,臺北市,111臺北市基河路10號,A001690,陳中光,02-23445862,連鎖型綠色商店,121.523711924219,25.08097554328
中華電信股份有限公司台北營運處士林夜市服務中心,臺北市,111臺北市士林區文林路158號,A001692,陳中光,02-23445862,連鎖型綠色商店,121.526868297498,25.089066929691
中華電信股份有限公司台北營運處大安服務中心,臺北市,106臺北市信義路四段89之1號,A001702,陳中光,02-23445862,連鎖型綠色商店,121.546609439676,25.033550567475
中華電信股份有限公司台北營運處大直服務中心,臺北市,104臺北市中山區北安路662號1樓,A001724,陳中光,02-23445862,連鎖型綠色商店,121.549390638969,25.083733189424
中華電信股份有限公司台北營運處大稻埕服務中心,臺北市,103臺北市大同區民生西路305號,A001728,胡學海,0800-080-123,連鎖型綠色商店,121.512725428451,25.057075175018
中華電信股份有限公司台北營運處大龍峒服務中心,臺北市,103臺北市承德路三段249號,A001711,陳中光,02-23445862,連鎖型綠色商店,121.518821502812,25.071312214747
中華電信股份有限公司台北營運處五分埔服務中心,臺北市,110臺北市信義區永吉路525號,A001695,陳中光,02-23445862,連鎖型綠色商店,121.580319023496,25.04553719193
中華電信股份有限公司台北營運處內湖成功服務中心,臺北市,114臺北市內湖區成功路三段135 號,A001684,陳中光,02-23445862,連鎖型綠色商店,121.589885792504,25.079376779068
中華電信股份有限公司台北營運處木柵服務中心,臺北市,116臺北市木柵路三段79號,A001680,陳中光,02-23445862,連鎖型綠色商店,121.567462776586,24.988795982203
中華電信股份有限公司台北營運處北投中和服務中心,臺北市,112臺北市北投區中和街260號,A001687,陳中光,02-23445862,連鎖型綠色商店,121.500829663827,25.140039713653
中華電信股份有限公司台北營運處北投服務中心,臺北市,112臺北市北投區光明路176號,A001688,陳中光,02-23445862,連鎖型綠色商店,121.503160084366,25.13556436409
中華電信股份有限公司台北營運處台北101服務中心,臺北市,110臺北市信義區信義路五段7號35樓C室,A001698,陳中光,02-23445862,連鎖型綠色商店,121.564789620025,25.033416708481
中華電信股份有限公司台北營運處台北三創服務中心,臺北市,100臺北市中正區市民大道三段2號,A001730,陳中光,02-23445862,連鎖型綠色商店,121.531021027607,25.045632997083
中華電信股份有限公司台北營運處台北公園服務中心,臺北市,100臺北市中正區公園路18號,A001716,陳中光,02-23445862,連鎖型綠色商店,121.51707647439,25.045229282717
中華電信股份有限公司台北營運處台北公館服務中心,臺北市,100臺北市中正區羅斯福路四段76號,A001712,陳中光,02-23445862,連鎖型綠色商店,121.534572942897,25.014231412212
中華電信股份有限公司台北營運處台北木新服務中心,臺北市,116臺北市文山區木新路三段200號,A001679,陳中光,02-23445862,連鎖型綠色商店,121.560097346809,24.981665161895
中華電信股份有限公司台北營運處台北北區服務中心,臺北市,104臺北市中山區松江里建國北路2段216號1樓,A001722,陳中光,02-23445862,連鎖型綠色商店,121.536569763691,25.060605464997
中華電信股份有限公司台北營運處台北民生服務中心,臺北市,105臺北市松山區民生東路五段206號,A001707,陳中光,02-23445862,連鎖型綠色商店,121.564760199545,25.058760691927
中華電信股份有限公司台北營運處台北光復服務中心,臺北市,110台北市信義區仁愛路四段420-1號,A001737,胡學海,0800-080-123,連鎖型綠色商店,121.557795676197,25.037253608479
中華電信股份有限公司台北營運處台北忠孝服務中心,臺北市,106臺北市大安區義村里忠孝東路3段214號1樓,A001726,陳中光,02-23445862,連鎖型綠色商店,121.54000399706,25.041449044385
中華電信股份有限公司台北營運處台北東門服務中心,臺北市,106臺北市大安區愛國東路35-1號,A001706,陳中光,02-23445862,連鎖型綠色商店,121.526304195414,25.031977493796
中華電信股份有限公司台北營運處台北東區服務中心,臺北市,110臺北市信義區松仁路130號,A001717,陳中光,02-23445862,連鎖型綠色商店,121.568002068236,25.033642055948
中華電信股份有限公司台北營運處台北東湖服務中心,臺北市,114臺北市內湖區東湖路33巷1號,A001682,陳中光,02-23445862,連鎖型綠色商店,121.61352267564,25.068975884965
中華電信股份有限公司台北營運處台北松江服務中心,臺北市,104臺北市中山區朱園里松江路67之1號1樓　,A001723,陳中光,02-23445862,連鎖型綠色商店,121.533185151188,25.049235287611
中華電信股份有限公司台北營運處台北南區服務中心,臺北市,100臺北市仁愛路一段42號,A001713,陳中光,02-23445862,連鎖型綠色商店,121.523816027457,25.038153070509
中華電信股份有限公司台北營運處台北師大服務中心,臺北市,106臺北市大安區和平東路1段182之2號,A001705,陳中光,02-23445862,連鎖型綠色商店,121.529751253095,25.026301268966
中華電信股份有限公司台北營運處台北通化服務中心,臺北市,106臺北市大安區通化街177號,A001703,陳中光,02-23445862,連鎖型綠色商店,121.553581590556,25.027452104272
中華電信股份有限公司台北營運處台北博愛服務中心,臺北市,100臺北市博愛路168號,A001715,陳中光,02-23445862,連鎖型綠色商店,121.511046197969,25.039522924945
中華電信股份有限公司台北營運處台北敦北服務中心,臺北市,105臺北市松山區精忠里民生東路4段69號1樓,A001718,陳中光,02-23445862,連鎖型綠色商店,121.551130889706,25.058032639817
中華電信股份有限公司台北營運處石牌服務中心,臺北市,112臺北市北投區石牌路一段73號,A001686,陳中光,02-23445862,連鎖型綠色商店,121.511307042796,25.113688351174
中華電信股份有限公司台北營運處立法院服務中心,臺北市,100臺北市濟南路一段1號2樓,A001714,陳中光,02-23445862,連鎖型綠色商店,121.520048194341,25.043186780551
中華電信股份有限公司台北營運處西門町服務中心,臺北市,108臺北市萬華區昆明街126號,A001701,陳中光,02-23445862,連鎖型綠色商店,121.50484182942,25.043385264018
中華電信股份有限公司台北營運處松山機場服務中心,臺北市,105臺北市松山區敦化北路340之9號,A001709,陳中光,02-23445862,連鎖型綠色商店,121.551904623188,25.063648850221
中華電信股份有限公司台北營運處社子服務中心,臺北市,111臺北市士林區延平北路五段211號,A001689,陳中光,02-23445862,連鎖型綠色商店,121.50988178398,25.083833311258
中華電信股份有限公司台北營運處芝山服務中心,臺北市,111臺北市士林區福國路95號2F,A001693,陳中光,02-23445862,連鎖型綠色商店,121.522141155564,25.10140123549
中華電信股份有限公司台北營運處長春服務中心,臺北市,104臺北市中山區中山里長春路27號,A001725,陳中光,02-23445862,連鎖型綠色商店,121.525170794467,25.055081162162
中華電信股份有限公司台北營運處南京東服務中心,臺北市,105臺北市松山區南京東路五段135號,A001708,陳中光,02-23445862,連鎖型綠色商店,121.561444821563,25.051690682327
中華電信股份有限公司台北營運處南港服務中心,臺北市,115臺北市南港路一段356號,A001681,陳中光,02-23445862,連鎖型綠色商店,121.607155530531,25.054576781138
中華電信股份有限公司台北營運處南機場服務中心,臺北市,108臺北市西藏路125巷20號,A001699,陳中光,02-23445862,連鎖型綠色商店,121.50291390787,25.027668986017
中華電信股份有限公司台北營運處康寧服務中心,臺北市,114臺北市內湖區康寧路三段75巷22號,A001683,陳中光,02-23445862,連鎖型綠色商店,121.609258633856,25.07252645915
中華電信股份有限公司台北營運處頂好服務中心,臺北市,106臺北市大安區光武里敦化南路1段158號1樓,A001727,陳中光,02-23445862,連鎖型綠色商店,121.548512550792,25.043631230967
中華電信股份有限公司台北營運處敦南服務中心,臺北市,106臺北市敦化南路二段162號,A001704,陳中光,02-23445862,連鎖型綠色商店,121.548347846395,25.0248136907
中華電信股份有限公司台北營運處景文服務中心,臺北市,116臺北市文山區景文街60號,A001678,陳中光,02-23445862,連鎖型綠色商店,121.541130608665,24.990913837678
中華電信股份有限公司台北營運處景美服務中心,臺北市,116臺北市羅斯福路六段159巷19號,A001677,陳中光,02-23445862,連鎖型綠色商店,121.542296782854,24.99727557646
中華電信股份有限公司台北營運處陽明山服務中心,臺北市,112臺北市北投區紗帽路139號,A001685,陳中光,02-23445862,連鎖型綠色商店,121.546258070295,25.151156212739
中華電信股份有限公司台北營運處德行東服務中心,臺北市,111臺北市士林區德行東路177號,A001694,陳中光,02-23445862,連鎖型綠色商店,121.53101650138,25.108785817916
中華電信股份有限公司高雄營運處橋頭服務中心,臺北市,103臺北市大同區延平北路三段68號,A001710,陳中光,02-23445862,連鎖型綠色商店,121.510945363674,25.065523379047
中華電信股份有限司公司台北營運處內湖服務中心,臺北市,114臺北市內湖區港墘里內湖路1段596號,A001721,陳中光,02-23445862,連鎖型綠色商店,121.577867987369,25.07882168753
內德傢俱生活館,臺北市,114台北市內湖區成功路三段152號1樓,A000099,葉靜慧,02-87928698,連鎖型綠色商店,121.589943040903,25.080019293856
北都汽車股份有限公司-大安營業所,臺北市,106台北市大安區和平東路2段128號,A001501,許志寬,02-2736-7256,連鎖型綠色商店,121.543687759686,25.024702840031
北都汽車股份有限公司-內湖營業所,臺北市,114台北市內湖區內湖路1段91巷34號,A001499,周欽賢,02-2799-7840,連鎖型綠色商店,121.562487865594,25.085649041033
北都汽車股份有限公司-文山營業所,臺北市,116台北市文山區羅斯福路6段88號1樓,A001500,周欽賢,02-2933-9060,連鎖型綠色商店,121.540220166342,24.998344562481
北都汽車股份有限公司-南港營業所,臺北市,115台北市南港區南港路2段312號2樓,A001502,周欽賢,02-2783-7366,連鎖型綠色商店,121.594267013294,25.054895922102
北都汽車股份有限公司-敦化營業所,臺北市,105台北市松山區八德路3段2號1樓,A001503,許志寬,02-2579-6285,連鎖型綠色商店,121.549294582358,25.047860110667
北都汽車股份有限公司-雙園營業所,臺北市,108台北市萬華區西園路2段159號161號　,A001504,許志寬,02-2302-3132,連鎖型綠色商店,121.495934632372,25.028981592054
台象股份有限公司-象印SOGO天母據點,臺北市,111臺北市士林區中山北路六段77號6樓,A001582,小田 正司,02-2506-9009#217,連鎖型綠色商店,121.52427803796,25.105007004507
台象股份有限公司-象印SOGO忠孝據點,臺北市,106臺北市大安區忠孝東路四段45號 8F,A001570,小田正司,02-2506-9009#217,連鎖型綠色商店,121.544882767622,25.041902421527
台象股份有限公司-象印SOGO復興據點,臺北市,106臺北市大安區忠孝東路三段300號8F,A001571,小田正司,02-2506-9009#217,連鎖型綠色商店,121.543057105291,25.041211752706
台象股份有限公司-象印大葉高島屋據點,臺北市,111臺北市士林區忠誠路二段55號12F,A001564,小田正司,02-2506-9009#217,連鎖型綠色商店,121.531438194928,25.11181105632
台象股份有限公司-象印天母服務中心,臺北市,111臺北市士林區克強路30號1樓,A001561,小田正司,02-2506-9009#217,連鎖型綠色商店,121.523278915101,25.109095613057
台象股份有限公司-象印長安服務中心,臺北市,104臺北市中山區長安東路二段80號1樓,A001562,小田正司,02-2506-9009#217,連鎖型綠色商店,121.534106825261,25.048334652115
台象股份有限公司-象印南港服務中心,臺北市,115臺北市南港區重陽路528號1樓,A001581,小田 正司,02-2506-9009#217,連鎖型綠色商店,121.612667805335,25.061322578723
台象股份有限公司-象印美麗華據點,臺北市,104臺北市中山區敬業三路20號3F,A001568,小田正司,02-2506-9009#217,連鎖型綠色商店,121.556711979935,25.08292588642
台象股份有限公司-象印統一時代台北據點,臺北市,110臺北市信義區忠孝東路5段8號6F,A001563,小田正司,02-2506-9009#217,連鎖型綠色商店,121.565417005478,25.040864616186
台象股份有限公司-象印新光信義A8據點,臺北市,108臺北市萬華區松高路12號7F,A001567,小田正司,02-2506-9009#217,連鎖型綠色商店,121.4997012,25.035103
台象股份有限公司-象印新光南西據點,臺北市,104臺北市中山區臺北市中山區南京西路12號7F,A001565,小田正司,02-2506-9009#217,連鎖型綠色商店,121.521244878658,25.052327204054
台象股份有限公司-象印新光站前據點,臺北市,100臺北市中正區忠孝西路一段66號10F,A001566,小田正司,02-2506-9009#217,連鎖型綠色商店,121.515302025487,25.046225807185
台象股份有限公司-象印遠東寶慶據點,臺北市,100臺北市中正區寶慶路32號8F,A001569,小田正司,02-2506-9009#217,連鎖型綠色商店,121.509114001649,25.041688305811
台灣歐德系統傢俱健安店,臺北市,105臺北市松山區,A000100,曾婉婷,27423998,連鎖型綠色商店,121.5571473,25.0538432
全家便利商店股份有限公司１０１分公司,臺北市,110臺北市信義區信義路五段７號３５樓,A000082,林秋薇,02-25239588*6142,連鎖型綠色商店,121.564789620025,25.033416708481
全家便利商店股份有限公司-一壽店,臺北市,116臺北市文山區一壽街４４巷１號,A000954,林秋薇,02-25239588*6142,連鎖型綠色商店,121.55662757417,24.979268398592
全家便利商店股份有限公司-力晶店,臺北市,105臺北市松山區南京東路三段２５８號,A001081,林秋薇,02-25239588*6142,連鎖型綠色商店,121.544829207261,25.051629997348
全家便利商店股份有限公司-三民店,臺北市,114臺北市內湖區民權東路六段９０巷１號,A001209,林秋薇,02-25239588*6142,連鎖型綠色商店,121.586093903326,25.068790854453
全家便利商店股份有限公司-三興店,臺北市,110臺北市信義區吳興街７號,A000783,林秋薇,02-25239588*6142,連鎖型綠色商店,121.55948957501,25.031725156601
全家便利商店股份有限公司-士林店,臺北市,111臺北市士林區中山北路５段６９７號,A001193,林秋薇,02-25239588*6142,連鎖型綠色商店,121.527160490643,25.097650333819
全家便利商店股份有限公司-士誠店,臺北市,111臺北市士林區士東路８６號,A001191,林秋薇,02-25239588*6142,連鎖型綠色商店,121.528797895428,25.11197031248
全家便利商店股份有限公司-大吉店,臺北市,105臺北市松山區八德路四段２４５巷３２弄６７號,A001216,林秋薇,02-25239588*6142,連鎖型綠色商店,121.56270210704,25.049749391642
全家便利商店股份有限公司-大同店,臺北市,112臺北市北投區大業路４５２巷３１號,A000946,林秋薇,02-25239588*6142,連鎖型綠色商店,121.497314377454,25.132091029143
全家便利商店股份有限公司-大安店,臺北市,106臺北市大安區大安路一段２０號,A000990,林秋薇,02-25239588*6142,連鎖型綠色商店,121.546103005086,25.044122326674
全家便利商店股份有限公司-大孝店,臺北市,100臺北市中正區愛國東路１１２號１樓．２樓,A001083,林秋薇,02-25239588*6142,連鎖型綠色商店,121.521335487031,25.032659529258
全家便利商店股份有限公司-大直店,臺北市,104臺北市中山區大直街３３巷１號,A000930,林秋薇,02-25239588*6142,連鎖型綠色商店,121.546525872101,25.082201564257
全家便利商店股份有限公司-大南店,臺北市,111臺北市士林區大南路５２號,A001182,林秋薇,02-25239588*6142,連鎖型綠色商店,121.524882708455,25.089385903016
全家便利商店股份有限公司-大理店,臺北市,105臺北市松山區光復北路１１巷５０號１樓,A001028,林秋薇,02-25239588*6142,連鎖型綠色商店,121.559963571634,25.049807939236
全家便利商店股份有限公司-大盛店,臺北市,105臺北市松山區南京東路五段６６巷２弄１之１號１樓,A001175,林秋薇,02-25239588*6142,連鎖型綠色商店,121.560409321245,25.050793315773
全家便利商店股份有限公司-大通店,臺北市,104臺北市中山區伊通街３９號１樓,A000977,林秋薇,02-25239588*6142,連鎖型綠色商店,121.534917271479,25.050691182283
全家便利商店股份有限公司-大港店,臺北市,111臺北市士林區前港街３９號,A000991,林秋薇,02-25239588*6142,連鎖型綠色商店,121.521459790655,25.084832392207
全家便利商店股份有限公司-大業店,臺北市,112臺北市北投區大興街２２號,A000918,林秋薇,02-25239588*6142,連鎖型綠色商店,121.498447610763,25.129856204209
全家便利商店股份有限公司-大道店,臺北市,110臺北市信義區大道路７９號１樓,A001221,林秋薇,02-25239588*6142,連鎖型綠色商店,121.582613988585,25.040758082196
全家便利商店股份有限公司-大龍店,臺北市,103臺北市大同區大龍街１３３號１樓,A001027,林秋薇,02-25239588*6142,連鎖型綠色商店,121.516046338489,25.067366978651
全家便利商店股份有限公司-工業二店,臺北市,115臺北市南港區園區街３號２樓之７,A000700,林秋薇,02-25239588*6142,連鎖型綠色商店,121.611986608064,25.058478473247
全家便利商店股份有限公司-工業三店,臺北市,115臺北市南港區三重路６６之２號１樓,A001205,林秋薇,02-25239588*6142,連鎖型綠色商店,121.614402021102,25.057258277692
全家便利商店股份有限公司-工業店,臺北市,115臺北市南港區三重路１９之４號,A001067,林秋薇,02-25239588*6142,連鎖型綠色商店,121.613865830756,25.056029490687
全家便利商店股份有限公司-中央店,臺北市,105臺北市松山區民生東路四段９５號,A001085,林秋薇,02-25239588*6142,連鎖型綠色商店,121.551993890457,25.058108244584
全家便利商店股份有限公司-中永店,臺北市,112臺北市北投區開明里中和街２５２號一樓,A001055,林秋薇,02-25239588*6142,連鎖型綠色商店,121.500953213079,25.139904136369
全家便利商店股份有限公司-中和店,臺北市,112臺北市北投區中和街４９１號１Ｆ,A001020,林秋薇,02-25239588*6142,連鎖型綠色商店,121.495099710997,25.145127486971
全家便利商店股份有限公司-中崙店,臺北市,105臺北市松山區八德路三段７４巷４３號,A000713,林秋薇,02-25239588*6142,連鎖型綠色商店,121.552581042774,25.046273542124
全家便利商店股份有限公司-中視店,臺北市,115臺北市南港區興南街３９號１樓,A001087,林秋薇,02-25239588*6142,連鎖型綠色商店,121.601496237145,25.056178898111
全家便利商店股份有限公司-中賓店,臺北市,104臺北市中山區中山里中山北路二段５９之３號１樓,A001061,林秋薇,02-25239588*6142,連鎖型綠色商店,121.522910209734,25.055946395879
全家便利商店股份有限公司-中興店,臺北市,104臺北市中山區龍江路２０１號１Ｆ,A001185,林秋薇,02-25239588*6142,連鎖型綠色商店,121.540613193782,25.056267955832
全家便利商店股份有限公司-五常店,臺北市,104臺北市中山區五常街５３巷２３號１號,A001045,林秋薇,02-25239588*6142,連鎖型綠色商店,121.539713312657,25.065480966617
全家便利商店股份有限公司-仁慈店,臺北市,106臺北市大安區仁愛路四段４８巷６號,A001030,林秋薇,02-25239588*6142,連鎖型綠色商店,121.547004059677,25.037133453897
全家便利商店股份有限公司-內華店,臺北市,114臺北市內湖區民權東路六段１６２號,A000957,林秋薇,02-25239588*6142,連鎖型綠色商店,121.591853444274,25.06862317448
全家便利商店股份有限公司-六張黎店,臺北市,110臺北市信義區和平東路三段３８７號,A000694,林秋薇,02-25239588*6142,連鎖型綠色商店,121.557581099476,25.019871385312
全家便利商店股份有限公司-公園店,臺北市,108臺北市萬華區青年路４８號,A001132,林秋薇,02-25239588*6142,連鎖型綠色商店,121.503890570712,25.025336924736
全家便利商店股份有限公司-公館店,臺北市,100臺北市中正區汀州路三段２５１號,A001053,林秋薇,02-25239588*6142,連鎖型綠色商店,121.534443526312,25.013647947932
全家便利商店股份有限公司-天文店,臺北市,111臺北市士林區美崙街１１８號,A001159,林秋薇,02-25239588*6142,連鎖型綠色商店,121.519487947933,25.097028857608
全家便利商店股份有限公司-天玉店,臺北市,111臺北市士林區天玉街３８巷１１之３號１樓,A001157,林秋薇,02-25239588*6142,連鎖型綠色商店,121.529147336972,25.120345929228
全家便利商店股份有限公司-天成店,臺北市,111臺北市士林區天福里天母東路３６號之５，之６,A000736,林秋薇,02-25239588*6142,連鎖型綠色商店,121.532598166509,25.117915554493
全家便利商店股份有限公司-天和店,臺北市,111臺北市士林區天母東路８３號,A000994,林秋薇,02-25239588*6142,連鎖型綠色商店,121.535478439897,25.118256236947
全家便利商店股份有限公司-太原店,臺北市,103臺北市大同區太原路８１號１樓,A001111,林秋薇,02-25239588*6142,連鎖型綠色商店,121.51572338376,25.051880616253
全家便利商店股份有限公司-文大店,臺北市,111臺北市士林區華崗路５５號,A001100,林秋薇,02-25239588*6142,連鎖型綠色商店,121.5315979,25.1046726
全家便利商店股份有限公司-文化店,臺北市,112臺北市北投區中央北路二段９７號１樓,A001196,林秋薇,02-25239588*6142,連鎖型綠色商店,121.49518336239,25.136844154977
全家便利商店股份有限公司-文盛店,臺北市,100臺北市中正區汀州路三段１７３號,A001003,林秋薇,02-25239588*6142,連鎖型綠色商店,121.532459110735,25.015043828178
全家便利商店股份有限公司-文祥店,臺北市,100臺北市中正區杭州南路一段１４７號,A001106,林秋薇,02-25239588*6142,連鎖型綠色商店,121.524620187247,25.035960658004
全家便利商店股份有限公司-文湖店,臺北市,114臺北市內湖區文湖街５９號,A000931,林秋薇,02-25239588*6142,連鎖型綠色商店,121.562777544168,25.086828249081
全家便利商店股份有限公司-日津店,臺北市,104臺北市中山區正義里天津街４７號１樓及地下室,A000976,林秋薇,02-25239588*6142,連鎖型綠色商店,121.523092250118,25.050122847338
全家便利商店股份有限公司-日祥店,臺北市,108臺北市萬華區青年路１５４號、１６８巷２弄１４號１樓,A000738,林秋薇,02-25239588*6142,連鎖型綠色商店,121.5023018613,25.020898042722
全家便利商店股份有限公司-日新店,臺北市,103臺北市大同區承德路二段３９＆４１號１樓,A000599,林秋薇,02-25239588*6142,連鎖型綠色商店,121.518401737101,25.054991643436
全家便利商店股份有限公司-木柵路店,臺北市,116臺北市文山區木柵路三段１４８號１５０號,A001062,林秋薇,02-25239588*6142,連鎖型綠色商店,121.568615288273,24.988812746009
全家便利商店股份有限公司-木新店,臺北市,116臺北市文山區木新路３段３３３．３３５號,A001231,林秋薇,02-25239588*6142,連鎖型綠色商店,121.556208227554,24.980455904724
全家便利商店股份有限公司-木興店,臺北市,116臺北市文山區木柵路２段５２號,A001035,林秋薇,02-25239588*6142,連鎖型綠色商店,121.558906194549,24.988583123772
全家便利商店股份有限公司-水源店,臺北市,100臺北市中正區汀州路三段２６１號,A001102,林秋薇,02-25239588*6142,連鎖型綠色商店,121.535198903426,25.012857660192
全家便利商店股份有限公司-仙岩店,臺北市,116臺北市文山區仙岩路２號,A001215,林秋薇,02-25239588*6142,連鎖型綠色商店,121.547858678525,24.998245865571
全家便利商店股份有限公司-北大店,臺北市,104臺北市中山區錦州街４２８號,A001000,林秋薇,02-25239588*6142,連鎖型綠色商店,121.5424797598,25.060124427574
全家便利商店股份有限公司-北投店,臺北市,112臺北市北投區光明路２１８之１號,A001080,林秋薇,02-25239588*6142,連鎖型綠色商店,121.504171528623,25.13617209398
全家便利商店股份有限公司-北科大店,臺北市,106臺北市大安區大安區忠孝東路三段１號,A000935,林秋薇,02-25239588*6142,連鎖型綠色商店,121.5355145659,25.042213893049
全家便利商店股份有限公司-北鄰店,臺北市,104臺北市中山區北安路４５８巷４７弄１３號１樓,A000546,林秋薇,02-25239588*6142,連鎖型綠色商店,121.5456516396,25.078247275706
全家便利商店股份有限公司-北醫店,臺北市,110臺北市信義區吳興街２６３號,A000955,林秋薇,02-25239588*6142,連鎖型綠色商店,121.563854870183,25.027004426823
全家便利商店股份有限公司-北權店,臺北市,105臺北市松山區民權東路三段１０６巷１１號,A000988,林秋薇,02-25239588*6142,連鎖型綠色商店,121.544947308276,25.06024512698
全家便利商店股份有限公司-仟囍店,臺北市,100臺北市中正區漢口街一段１５號,A000695,林秋薇,02-25239588*6142,連鎖型綠色商店,121.514401054715,25.045220439809
全家便利商店股份有限公司-古亭店,臺北市,106臺北市大安區羅斯福路２段１０３號,A001005,林秋薇,02-25239588*6142,連鎖型綠色商店,121.524479287455,25.024668348499
全家便利商店股份有限公司-四維店,臺北市,106臺北市大安區住安里四維路１５４巷１號一樓,A001078,林秋薇,02-25239588*6142,連鎖型綠色商店,121.547758430963,25.031088467236
全家便利商店股份有限公司-外貿店,臺北市,110臺北市信義區信義路五段５號２樓,A001140,林秋薇,02-25239588*6142,連鎖型綠色商店,121.562339673546,25.033151966069
全家便利商店股份有限公司-市民店,臺北市,104臺北市中山區中山北路一段５８號,A001194,林秋薇,02-25239588*6142,連鎖型綠色商店,121.520701982789,25.048494034004
全家便利商店股份有限公司-市府店,臺北市,110臺北市信義區市府路１號地下二樓,A000996,林秋薇,02-25239588*6142,連鎖型綠色商店,121.563783791644,25.037523002847
全家便利商店股份有限公司-正義店,臺北市,104臺北市中山區長安東路一段５５號,A000928,林秋薇,02-25239588*6142,連鎖型綠色商店,121.52648465779,25.048815899086
全家便利商店股份有限公司-民東店,臺北市,105臺北市松山區新東街１１巷２８號,A000986,林秋薇,02-25239588*6142,連鎖型綠色商店,121.564885425179,25.058057366432
全家便利商店股份有限公司-民族店,臺北市,104臺北市中山區民族東路４１０巷２３弄２４號,A000968,林秋薇,02-25239588*6142,連鎖型綠色商店,121.539561432572,25.066748980929
全家便利商店股份有限公司-民復店,臺北市,105臺北市松山區民生東路四段８０巷３號１Ｆ,A001117,林秋薇,02-25239588*6142,連鎖型綠色商店,121.553107677751,25.057339917429
全家便利商店股份有限公司-永吉二店,臺北市,110臺北市信義區永吉路２２３號,A000732,林秋薇,02-25239588*6142,連鎖型綠色商店,121.57413334659,25.045708308483
全家便利商店股份有限公司-永安店,臺北市,104臺北市中山區北安路６３０巷７號１樓,A000974,林秋薇,02-25239588*6142,連鎖型綠色商店,121.549480744428,25.082849401554
全家便利商店股份有限公司-永孝店,臺北市,110臺北市信義區松信路１４５號,A001043,林秋薇,02-25239588*6142,連鎖型綠色商店,121.572162006782,25.043576664777
全家便利商店股份有限公司-永林店,臺北市,110臺北市信義區虎林街８２巷２３號,A001125,林秋薇,02-25239588*6142,連鎖型綠色商店,121.576241143782,25.043368458302
全家便利商店股份有限公司-永隆店,臺北市,110臺北市信義區基隆路１段１４７巷７號,A001070,林秋薇,02-25239588*6142,連鎖型綠色商店,121.5661578819,25.042473606319
全家便利商店股份有限公司-永新店,臺北市,111臺北市士林區社子街２７號,A001069,林秋薇,02-25239588*6142,連鎖型綠色商店,121.507990323709,25.087659817695
全家便利商店股份有限公司-永興店,臺北市,112臺北市北投區中庸里永興路一段１號、３號一樓,A001188,林秋薇,02-25239588*6142,連鎖型綠色商店,121.49938370171,25.138825008245
全家便利商店股份有限公司-玉林店,臺北市,104臺北市中山區民生東路一段２７巷１５號,A000975,林秋薇,02-25239588*6142,連鎖型綠色商店,121.525117820839,25.058704910362
全家便利商店股份有限公司-立農店,臺北市,112臺北市北投區北投吉利街１１４號,A001011,林秋薇,02-25239588*6142,連鎖型綠色商店,121.506624157311,25.118491391241
全家便利商店股份有限公司-立賢店,臺北市,112臺北市北投區立賢里承德路七段２９０號,A001082,林秋薇,02-25239588*6142,連鎖型綠色商店,121.505325968147,25.116473909056
全家便利商店股份有限公司-光明店,臺北市,112臺北市北投區光明路２３號，２５號,A001136,林秋薇,02-25239588*6142,連鎖型綠色商店,121.499185553519,25.132624285823
全家便利商店股份有限公司-光復南路店,臺北市,110臺北市信義區光復南路４４７之２號,A001184,林秋薇,02-25239588*6142,連鎖型綠色商店,121.557692746426,25.03529706273
全家便利商店股份有限公司-光華店,臺北市,104臺北市中山區松江路２４之１號,A000969,林秋薇,02-25239588*6142,連鎖型綠色商店,121.532724062695,25.0469552004
全家便利商店股份有限公司-光新店,臺北市,106臺北市大安區光復南路４１８號,A001051,林秋薇,02-25239588*6142,連鎖型綠色商店,121.557383286561,25.036544876656
全家便利商店股份有限公司-光輝店,臺北市,104臺北市中山區晴光里德惠街３４之２號一樓,A001095,林秋薇,02-25239588*6142,連鎖型綠色商店,121.526186513494,25.066586916832
全家便利商店股份有限公司-再興店,臺北市,116臺北市文山區興隆路３段２０７巷１１弄２號,A001022,林秋薇,02-25239588*6142,連鎖型綠色商店,121.561532663909,24.994959740431
全家便利商店股份有限公司-吉利店,臺北市,108臺北市萬華區東園街１２號,A001021,林秋薇,02-25239588*6142,連鎖型綠色商店,121.49548469181,25.027700208606
全家便利商店股份有限公司-吉林店,臺北市,104臺北市中山區吉林路３１４號,A001046,林秋薇,02-25239588*6142,連鎖型綠色商店,121.530174958301,25.06210373019
全家便利商店股份有限公司-吉原店,臺北市,104臺北市中山區中原街２７號,A001206,林秋薇,02-25239588*6142,連鎖型綠色商店,121.528965198216,25.056416902252
全家便利商店股份有限公司-向陽店,臺北市,115臺北市南港區東新里重陽路１６號一樓,A001018,林秋薇,02-25239588*6142,連鎖型綠色商店,121.595897042004,25.055137069456
全家便利商店股份有限公司-名門店,臺北市,116臺北市文山區軍功路１０９號,A001189,林秋薇,02-25239588*6142,連鎖型綠色商店,121.5538134,24.9895521
全家便利商店股份有限公司-安居店,臺北市,106臺北市大安區安居街７６號,A001145,林秋薇,02-25239588*6142,連鎖型綠色商店,121.553297024944,25.019690839117
全家便利商店股份有限公司-安興店,臺北市,110臺北市信義區松仁路２３８號,A000555,林秋薇,02-25239588*6142,連鎖型綠色商店,121.569251307086,25.024846715399
全家便利商店股份有限公司-成功店,臺北市,106臺北市大安區和平東路二段３１１巷３２號,A000987,林秋薇,02-25239588*6142,連鎖型綠色商店,121.545073791195,25.025612486073
全家便利商店股份有限公司-成都店,臺北市,108臺北市萬華區昆明街１３４號；成都路８６號,A001029,林秋薇,02-25239588*6142,連鎖型綠色商店,121.504704952941,25.042840943226
全家便利商店股份有限公司-朱崙店,臺北市,104臺北市中山區朱崙街６７號,A001210,林秋薇,02-25239588*6142,連鎖型綠色商店,121.542374986011,25.050036471826
全家便利商店股份有限公司-江寧店,臺北市,104臺北市中山區民權東路三段６４號１樓,A001073,林秋薇,02-25239588*6142,連鎖型綠色商店,121.542693917427,25.062156703818
全家便利商店股份有限公司-自強店,臺北市,112臺北市北投區自強街８８號,A001134,林秋薇,02-25239588*6142,連鎖型綠色商店,121.514880583396,25.110497444454
全家便利商店股份有限公司-至善店,臺北市,111臺北市士林區臨溪里至善路二段２６８號一樓,A001141,林秋薇,02-25239588*6142,連鎖型綠色商店,121.550991042895,25.100503487985
全家便利商店股份有限公司-西站店,臺北市,100臺北市中正區懷寧街７之１號,A001190,林秋薇,02-25239588*6142,連鎖型綠色商店,121.514280606766,25.046233267079
全家便利商店股份有限公司-宏大店,臺北市,105臺北市松山區敦化北路１５５巷３號１樓,A001154,林秋薇,02-25239588*6142,連鎖型綠色商店,121.54980604609,25.054205923832
全家便利商店股份有限公司-宏啟店,臺北市,100臺北市中正區忠孝西路一段９６號,A001138,林秋薇,02-25239588*6142,連鎖型綠色商店,121.512888624106,25.047103853453
全家便利商店股份有限公司-辛亥店,臺北市,106臺北市大安區辛亥路二段１７１巷３號,A001120,林秋薇,02-25239588*6142,連鎖型綠色商店,121.541187102693,25.021923400938
全家便利商店股份有限公司-酉陽店,臺北市,100臺北市中正區永綏街２０號,A000735,林秋薇,02-25239588*6142,連鎖型綠色商店,121.51078794011,25.043049709468
全家便利商店股份有限公司-京城店,臺北市,105臺北市松山區八德路四段１０８號,A000545,林秋薇,02-25239588*6142,連鎖型綠色商店,121.561080460232,25.048401036788
全家便利商店股份有限公司-京貿店,臺北市,104臺北市中山區南京東路三段６５號,A000947,林秋薇,02-25239588*6142,連鎖型綠色商店,121.538389391051,25.052168827994
全家便利商店股份有限公司-協和店,臺北市,110臺北市信義區中坡南路３８號１Ｆ,A001077,林秋薇,02-25239588*6142,連鎖型綠色商店,121.583373724289,25.042826693991
全家便利商店股份有限公司-和西店,臺北市,108臺北市萬華區愛鄉里和平西路三段２９０之５號、２９０,A001169,林秋薇,02-25239588*6142,連鎖型綠色商店,121.49488907377,25.035273593401
全家便利商店股份有限公司-和東店,臺北市,106臺北市大安區和平東路二段１０２之３號１樓,A001039,林秋薇,02-25239588*6142,連鎖型綠色商店,121.541605275842,25.024917458661
全家便利商店股份有限公司-和復店,臺北市,106臺北市大安區和平東路二段２６１號，２６３號,A000983,林秋薇,02-25239588*6142,連鎖型綠色商店,121.5439185973,25.024995787547
全家便利商店股份有限公司-和新店,臺北市,106臺北市大安區和平東路二段２２號,A000922,林秋薇,02-25239588*6142,連鎖型綠色商店,121.53629886058,25.025653305941
全家便利商店股份有限公司-和碩店,臺北市,112臺北市北投區立功街７６號Ｂ１,A001094,林秋薇,02-25239588*6142,連鎖型綠色商店,121.469185883863,25.12478925992
全家便利商店股份有限公司-和碩附店,臺北市,112臺北市北投區立德路１５０號Ｂ１,A001198,林秋薇,02-25239588*6142,連鎖型綠色商店,121.47249480778,25.127802512202
全家便利商店股份有限公司-和鄰店,臺北市,100臺北市中正區和平西路一段８２號１樓,A001048,林秋薇,02-25239588*6142,連鎖型綠色商店,121.518743802569,25.026377879561
全家便利商店股份有限公司-和聯店,臺北市,112臺北市北投區承德路七段４００號２樓,A001074,林秋薇,02-25239588*6142,連鎖型綠色商店,121.501220344334,25.120259930901
全家便利商店股份有限公司-和豐店,臺北市,111臺北市士林區福華里和豐街２號一樓,A000790,林秋薇,02-25239588*6142,連鎖型綠色商店,121.518750927187,25.082551005801
全家便利商店股份有限公司-奇岩店,臺北市,112臺北市北投區公館路２５９號１Ｆ,A001173,林秋薇,02-25239588*6142,連鎖型綠色商店,121.508217305647,25.125525693933
全家便利商店股份有限公司-宜興店,臺北市,104臺北市中山區林森北路３２７號,A001033,林秋薇,02-25239588*6142,連鎖型綠色商店,121.525560567307,25.056301032155
全家便利商店股份有限公司-延吉店,臺北市,106臺北市大安區忠孝東路四段２１６巷３１號,A001014,林秋薇,02-25239588*6142,連鎖型綠色商店,121.553049255886,25.039582771733
全家便利商店股份有限公司-延安店,臺北市,106臺北市大安區延吉街１５８號,A001212,林秋薇,02-25239588*6142,連鎖型綠色商店,121.55489101147,25.039492582455
全家便利商店股份有限公司-延孝店,臺北市,106臺北市大安區延吉街１３５號之三，一樓,A001199,林秋薇,02-25239588*6142,連鎖型綠色商店,121.554360688456,25.042341465616
全家便利商店股份有限公司-忠林店,臺北市,110臺北市信義區虎林街１６６號１樓及地下室,A000989,林秋薇,02-25239588*6142,連鎖型綠色商店,121.576508107398,25.039174824506
全家便利商店股份有限公司-忠信店,臺北市,110臺北市信義區忠孝東路五段４２５號１樓及地下室,A001124,林秋薇,02-25239588*6142,連鎖型綠色商店,121.575434804696,25.041016160995
全家便利商店股份有限公司-忠愛店,臺北市,106臺北市大安區仁愛路４段２７巷４３號,A001044,林秋薇,02-25239588*6142,連鎖型綠色商店,121.545307813932,25.04105555594
全家便利商店股份有限公司-忠誠店,臺北市,111臺北市士林區中山北路六段２０號,A000791,林秋薇,02-25239588*6142,連鎖型綠色商店,121.52674525116,25.104020328775
全家便利商店股份有限公司-昌隆店,臺北市,106臺北市大安區忠孝東路３段２１７巷２弄１號１樓,A001123,林秋薇,02-25239588*6142,連鎖型綠色商店,121.540386128025,25.042403659337
全家便利商店股份有限公司-昆明店,臺北市,108臺北市萬華區昆明街１８６號１樓,A001058,林秋薇,02-25239588*6142,連鎖型綠色商店,121.504413178891,25.04132310629
全家便利商店股份有限公司-明水店,臺北市,104臺北市中山區明水路５８１巷１１號１樓,A001050,林秋薇,02-25239588*6142,連鎖型綠色商店,121.551219234965,25.080112249162
全家便利商店股份有限公司-明真店,臺北市,103臺北市大同區延平北路四段１９號,A001172,林秋薇,02-25239588*6142,連鎖型綠色商店,121.510964541957,25.069308739654
全家便利商店股份有限公司-明德店,臺北市,112臺北市北投區石牌里明德路９３號,A001017,林秋薇,02-25239588*6142,連鎖型綠色商店,121.518882103972,25.109066066849
全家便利商店股份有限公司-明興店,臺北市,116臺北市文山區木柵路２段１０９巷２５弄２號．２－１號,A001170,林秋薇,02-25239588*6142,連鎖型綠色商店,121.562947193888,24.990031935736
全家便利商店股份有限公司-明曜店,臺北市,106臺北市大安區仁愛路四段１５１巷３４號．３６號,A001052,林秋薇,02-25239588*6142,連鎖型綠色商店,121.551653501369,25.04054224819
全家便利商店股份有限公司-東光店,臺北市,105臺北市松山區南京東路五段１２３巷１之８號,A000905,林秋薇,02-25239588*6142,連鎖型綠色商店,121.56067720687,25.051899265988
全家便利商店股份有限公司-東安店,臺北市,114臺北市內湖區安康路４８０號,A001116,林秋薇,02-25239588*6142,連鎖型綠色商店,121.615771540262,25.067820439612
全家便利商店股份有限公司-東門店,臺北市,100臺北市中正區信義路１段１號（部份）,A000933,林秋薇,02-25239588*6142,連鎖型綠色商店,121.519306228272,25.038368275873
全家便利商店股份有限公司-東清店,臺北市,105臺北市松山區南京東路五段２９１巷８－１號,A000911,林秋薇,02-25239588*6142,連鎖型綠色商店,121.566084037333,25.052022563783
全家便利商店股份有限公司-東華店,臺北市,112臺北市北投區東華街二段８８號,A000919,林秋薇,02-25239588*6142,連鎖型綠色商店,121.513651293476,25.117736642769
全家便利商店股份有限公司-東陽店,臺北市,112臺北市北投區西安街一段２８３號,A001002,林秋薇,02-25239588*6142,連鎖型綠色商店,121.51673013415,25.112030284997
全家便利商店股份有限公司-東園店,臺北市,108臺北市萬華區東園街６９７１７１之１７３之１號,A001019,林秋薇,02-25239588*6142,連鎖型綠色商店,121.4997012,25.035103
全家便利商店股份有限公司-東寶店,臺北市,105臺北市松山區南京東路五段２９１巷１７之２號,A001036,林秋薇,02-25239588*6142,連鎖型綠色商店,121.566234660133,25.052285923181
全家便利商店股份有限公司-林森北路店,臺北市,104臺北市中山區林森北路１１９巷４９，５１號,A001075,林秋薇,02-25239588*6142,連鎖型綠色商店,121.526660107468,25.050432822998
全家便利商店股份有限公司-林森南路店,臺北市,100臺北市中正區林森南路５７．５９號,A001211,林秋薇,02-25239588*6142,連鎖型綠色商店,121.522074100339,25.03990249943
全家便利商店股份有限公司-松三店,臺北市,110臺北市信義區林口街１１６號,A001001,林秋薇,02-25239588*6142,連鎖型綠色商店,121.580330925798,25.039907193296
全家便利商店股份有限公司-松仁店,臺北市,110臺北市信義區信義路５段１５０巷２２１號,A000934,林秋薇,02-25239588*6142,連鎖型綠色商店,121.568823662386,25.028421639012
全家便利商店股份有限公司-松友店,臺北市,110臺北市信義區信義路六段７８號,A001098,林秋薇,02-25239588*6142,連鎖型綠色商店,121.57698235548,25.035267390793
全家便利商店股份有限公司-松平店,臺北市,104臺北市中山區四平街４７號,A000951,林秋薇,02-25239588*6142,連鎖型綠色商店,121.532331873445,25.053741524487
全家便利商店股份有限公司-松盛店,臺北市,110臺北市信義區松山路１５３號,A001114,林秋薇,02-25239588*6142,連鎖型綠色商店,121.577964463075,25.046534345041
全家便利商店股份有限公司-松壽店,臺北市,105臺北市松山區自強里延壽街３３０巷７弄２２號一樓,A001233,林秋薇,02-25239588*6142,連鎖型綠色商店,121.562190308032,25.055301522396
全家便利商店股份有限公司-松德店,臺北市,110臺北市信義區松山路６２７號,A001156,林秋薇,02-25239588*6142,連鎖型綠色商店,121.578511382257,25.036385410948
全家便利商店股份有限公司-松興店,臺北市,110臺北市信義區松山路１０７號,A000959,林秋薇,02-25239588*6142,連鎖型綠色商店,121.577950381477,25.047824739035
全家便利商店股份有限公司-松醫店,臺北市,105臺北市松山區東光里健康路１５８號,A001135,林秋薇,02-25239588*6142,連鎖型綠色商店,121.557879076133,25.053443925014
全家便利商店股份有限公司-松權店,臺北市,104臺北市中山區松江路３６２巷４１號１樓,A000937,林秋薇,02-25239588*6142,連鎖型綠色商店,121.531826528503,25.062035501498
全家便利商店股份有限公司-欣欣店,臺北市,104臺北市中山區長春路１００號１樓,A000972,林秋薇,02-25239588*6142,連鎖型綠色商店,121.527935816687,25.054793285697
全家便利商店股份有限公司-武成店,臺北市,108臺北市萬華區萬大路４８６巷３９號,A001223,林秋薇,02-25239588*6142,連鎖型綠色商店,121.496311482739,25.020189688085
全家便利商店股份有限公司-芝山店,臺北市,111臺北市士林區德行東路２５０號１樓,A001038,林秋薇,02-25239588*6142,連鎖型綠色商店,121.534175556867,25.109668180863
全家便利商店股份有限公司-芝玉店,臺北市,111臺北市士林區士東路２６６巷５弄１６號,A001037,林秋薇,02-25239588*6142,連鎖型綠色商店,121.53753762205,25.112308857549
全家便利商店股份有限公司-金石店,臺北市,112臺北市北投區石牌路一段２００號,A000691,林秋薇,02-25239588*6142,連鎖型綠色商店,121.515215440428,25.115004603339
全家便利商店股份有限公司-金林店,臺北市,104臺北市中山區林森北路１０９號１樓,A001229,林秋薇,02-25239588*6142,連鎖型綠色商店,121.525050430337,25.050428200071
全家便利商店股份有限公司-金湖店,臺北市,114臺北市內湖區內湖路三段６０巷１０弄１號,A000967,林秋薇,02-25239588*6142,連鎖型綠色商店,121.592075564709,25.088031513192
全家便利商店股份有限公司-金磚店,臺北市,104臺北市中山區雙城街１９巷２號,A001197,林秋薇,02-25239588*6142,連鎖型綠色商店,121.52452647757,25.065328918894
全家便利商店股份有限公司-長沙店,臺北市,108臺北市萬華區長沙街二段５０號,A001059,林秋薇,02-25239588*6142,連鎖型綠色商店,121.505936170698,25.040582816601
全家便利商店股份有限公司-長林店,臺北市,104臺北市中山區林森北路１０７巷５４號,A000920,林秋薇,02-25239588*6142,連鎖型綠色商店,121.52674868774,25.049803035823
全家便利商店股份有限公司-長城店,臺北市,105臺北市松山區敦化北路１２０巷８０號,A001034,林秋薇,02-25239588*6142,連鎖型綠色商店,121.546174754177,25.054303489185
全家便利商店股份有限公司-長春店,臺北市,104臺北市中山區長春路４８號,A001228,林秋薇,02-25239588*6142,連鎖型綠色商店,121.525763730298,25.054817802764
全家便利商店股份有限公司-長泰店,臺北市,108臺北市萬華區壽德里長泰街２號２之１號一樓,A001049,林秋薇,02-25239588*6142,連鎖型綠色商店,121.501405249118,25.023134083032
全家便利商店股份有限公司-長通店,臺北市,104臺北市中山區伊通街１０８號１樓,A000958,林秋薇,02-25239588*6142,連鎖型綠色商店,121.534716776355,25.054093648239
全家便利商店股份有限公司-長復店,臺北市,105臺北市松山區長安東路二段２１９號,A000936,林秋薇,02-25239588*6142,連鎖型綠色商店,121.544872122605,25.04836273149
全家便利商店股份有限公司-信大店,臺北市,105臺北市松山區八德路四段７５８號,A000932,林秋薇,02-25239588*6142,連鎖型綠色商店,121.578733167415,25.05005776186
全家便利商店股份有限公司-信德店,臺北市,110臺北市信義區松德路２８９號,A000941,林秋薇,02-25239588*6142,連鎖型綠色商店,121.574748243007,25.032260802124
全家便利商店股份有限公司-保生店,臺北市,103臺北市大同區重慶北路三段３３３號,A001093,林秋薇,02-25239588*6142,連鎖型綠色商店,121.514060917084,25.074486609117
全家便利商店股份有限公司-南陽店,臺北市,100臺北市中正區信陽街１５號,A000915,林秋薇,02-25239588*6142,連鎖型綠色商店,121.516200649327,25.044697660508
全家便利商店股份有限公司-建南店,臺北市,106臺北市大安區建國南路１段１５６，１５８號,A000660,林秋薇,02-25239588*6142,連鎖型綠色商店,121.536917277396,25.041182541773
全家便利商店股份有限公司-建國店,臺北市,106臺北市大安區建國南路二段１５１巷３８號１樓,A001161,林秋薇,02-25239588*6142,連鎖型綠色商店,121.539288266347,25.028681184644
全家便利商店股份有限公司-建鑫店,臺北市,110臺北市信義區松壽路２４號,A000999,林秋薇,02-25239588*6142,連鎖型綠色商店,121.567834933087,25.035563816799
全家便利商店股份有限公司-後港店,臺北市,111臺北市士林區福港街２８號,A001162,林秋薇,02-25239588*6142,連鎖型綠色商店,121.518192860073,25.090769880959
全家便利商店股份有限公司-研究院店,臺北市,115臺北市南港區研究院路２段７０巷１號,A000662,林秋薇,02-25239588*6142,連鎖型綠色商店,121.615005266673,25.045788900482
全家便利商店股份有限公司-美崙店,臺北市,111臺北市士林區華榮街９７號,A001230,林秋薇,02-25239588*6142,連鎖型綠色商店,121.523203142697,25.097133086574
全家便利商店股份有限公司-美華店,臺北市,104臺北市中山區北安路８１９之１號,A001180,林秋薇,02-25239588*6142,連鎖型綠色商店,121.556119211743,25.084970274514
全家便利商店股份有限公司-重陽店,臺北市,115臺北市南港區重陽路１８３、１８５號１樓,A001101,林秋薇,02-25239588*6142,連鎖型綠色商店,121.598762982338,25.056706287459
全家便利商店股份有限公司-重慶北路店,臺北市,103臺北市大同區重慶北路二段１１６號,A001177,林秋薇,02-25239588*6142,連鎖型綠色商店,121.513542664011,25.057662075878
全家便利商店股份有限公司-重慶店,臺北市,100臺北市中正區重慶南路一段５８號,A000910,林秋薇,02-25239588*6142,連鎖型綠色商店,121.513107140322,25.043913449647
全家便利商店股份有限公司-師大店,臺北市,106臺北市大安區師大路７９號,A001119,林秋薇,02-25239588*6142,連鎖型綠色商店,121.528561106663,25.023403645038
全家便利商店股份有限公司-師美店,臺北市,116臺北市文山區汀州路４段７７號,A000939,林秋薇,02-25239588*6142,連鎖型綠色商店,121.537481044204,25.008054620124
全家便利商店股份有限公司-振華店,臺北市,112臺北市北投區振華街２號,A001024,林秋薇,02-25239588*6142,連鎖型綠色商店,121.519984408058,25.115599969921
全家便利商店股份有限公司-時代店,臺北市,114臺北市內湖區瑞光路４１３號．４１５號１樓,A000985,林秋薇,02-25239588*6142,連鎖型綠色商店,121.571471589418,25.078489847983
全家便利商店股份有限公司-格致店,臺北市,111臺北市士林區陽明里格致路２２號１樓,A001071,林秋薇,02-25239588*6142,連鎖型綠色商店,121.54645504502,25.136729490541
全家便利商店股份有限公司-海華店,臺北市,110臺北市信義區虎林街１３２巷８１號１樓,A000661,林秋薇,02-25239588*6142,連鎖型綠色商店,121.574094873655,25.040287061148
全家便利商店股份有限公司-郡王店,臺北市,100臺北市中正區延平南路６８號,A000717,林秋薇,02-25239588*6142,連鎖型綠色商店,121.510328790876,25.044928498121
全家便利商店股份有限公司-馬偕店,臺北市,104臺北市中山區民生西路２９號,A000927,林秋薇,02-25239588*6142,連鎖型綠色商店,121.521180924737,25.057855236837
全家便利商店股份有限公司-國泰店,臺北市,106臺北市大安區仁愛路四段２６６巷１５弄１０號１樓,A000998,林秋薇,02-25239588*6142,連鎖型綠色商店,121.553550326058,25.036548313236
全家便利商店股份有限公司-國順店,臺北市,103臺北市大同區延平北路三段１１８號１樓,A000913,林秋薇,02-25239588*6142,連鎖型綠色商店,121.510852576006,25.067299001416
全家便利商店股份有限公司-國興店,臺北市,115臺北市南港區舊莊街一段３巷３弄２號,A000964,林秋薇,02-25239588*6142,連鎖型綠色商店,121.618988095605,25.04314013526
全家便利商店股份有限公司-崇合店,臺北市,112臺北市北投區清江里三合街二段４８７號１樓,A001113,林秋薇,02-25239588*6142,連鎖型綠色商店,121.501191426768,25.126231743547
全家便利商店股份有限公司-崇德店,臺北市,110臺北市信義區崇德街２９號,A001192,林秋薇,02-25239588*6142,連鎖型綠色商店,121.553858780094,25.024380262487
全家便利商店股份有限公司-常興店,臺北市,105臺北市松山區五常街３６４號１樓,A001164,林秋薇,02-25239588*6142,連鎖型綠色商店,121.544886874754,25.064237427462
全家便利商店股份有限公司-康定店,臺北市,108臺北市萬華區康定路７３號,A001122,林秋薇,02-25239588*6142,連鎖型綠色商店,121.502212007298,25.040732517392
全家便利商店股份有限公司-康福店,臺北市,114臺北市內湖區康樂街８７號,A000912,林秋薇,02-25239588*6142,連鎖型綠色商店,121.618846441442,25.069604569613
全家便利商店股份有限公司-梅花鹿店,臺北市,116臺北市文山區新光路二段３０號,A001086,林秋薇,02-25239588*6142,連鎖型綠色商店,121.581228711447,24.998738763388
全家便利商店股份有限公司-清江店,臺北市,112臺北市北投區中央里清江路１號，中央南路一段６３號,A001143,林秋薇,02-25239588*6142,連鎖型綠色商店,121.501409691526,25.131765978938
全家便利商店股份有限公司-祥和店,臺北市,110臺北市信義區信義路五段１５０巷４０１弄３１號,A001079,林秋薇,02-25239588*6142,連鎖型綠色商店,121.570433406891,25.024159147881
全家便利商店股份有限公司-莊研店,臺北市,115臺北市南港區舊莊街１段１４７號,A000981,林秋薇,02-25239588*6142,連鎖型綠色商店,121.62050262169,25.039853591025
全家便利商店股份有限公司-莊敬店,臺北市,110臺北市信義區莊敬路３７４號,A001126,林秋薇,02-25239588*6142,連鎖型綠色商店,121.564896405472,25.027555117862
全家便利商店股份有限公司-通和店,臺北市,106臺北市大安區通安街７７號,A000945,林秋薇,02-25239588*6142,連鎖型綠色商店,121.553294175096,25.030356517541
全家便利商店股份有限公司-通河店,臺北市,111臺北市士林區通河街１４５號,A001186,林秋薇,02-25239588*6142,連鎖型綠色商店,121.52065428976,25.081000060346
全家便利商店股份有限公司-博陽店,臺北市,100臺北市中正區光復里衡陽路６９號一樓,A001174,林秋薇,02-25239588*6142,連鎖型綠色商店,121.511766622547,25.042377549709
全家便利商店股份有限公司-喬治店,臺北市,106臺北市大安區基隆路二段１７２號,A001015,林秋薇,02-25239588*6142,連鎖型綠色商店,121.554771904626,25.026556791284
全家便利商店股份有限公司-富民店,臺北市,108臺北市萬華區萬大路４９３巷４８弄２３－４號及Ｂ１,A000924,林秋薇,02-25239588*6142,連鎖型綠色商店,121.499294182984,25.01950450941
全家便利商店股份有限公司-富康店,臺北市,115臺北市南港區富康街８６號１Ｆ,A001091,林秋薇,02-25239588*6142,連鎖型綠色商店,121.616965877645,25.051942558518
全家便利商店股份有限公司-富陽店,臺北市,100臺北市中正區襄陽路７號１樓,A001090,林秋薇,02-25239588*6142,連鎖型綠色商店,121.515899487546,25.043533707524
全家便利商店股份有限公司-富臺店,臺北市,110臺北市信義區虎林街１２０巷１４８號１樓,A001142,林秋薇,02-25239588*6142,連鎖型綠色商店,121.574154049891,25.04213338487
全家便利商店股份有限公司-富錦店,臺北市,105臺北市松山區新益里富錦街５２９號一樓,A001144,林秋薇,02-25239588*6142,連鎖型綠色商店,121.5654254712,25.061265204596
全家便利商店股份有限公司-尊賢店,臺北市,112臺北市北投區尊賢街２６０號１Ｆ,A001214,林秋薇,02-25239588*6142,連鎖型綠色商店,121.507150457011,25.117304890937
全家便利商店股份有限公司-復中店,臺北市,112臺北市北投區中和街３２８號１樓,A000921,林秋薇,02-25239588*6142,連鎖型綠色商店,121.499642618699,25.141199349957
全家便利商店股份有限公司-復昌店,臺北市,110臺北市信義區光復南路５０５號、５０７號及文昌街３２,A001158,林秋薇,02-25239588*6142,連鎖型綠色商店,121.557620745878,25.031996730264
全家便利商店股份有限公司-復林店,臺北市,104臺北市中山區林森北路１４９－１．１４９－２號１樓,A001202,林秋薇,02-25239588*6142,連鎖型綠色商店,121.525352430309,25.051531761443
全家便利商店股份有限公司-復盛店,臺北市,105臺北市松山區八德路四段４０號．４２號,A000982,林秋薇,02-25239588*6142,連鎖型綠色商店,121.559239626657,25.048223466169
全家便利商店股份有限公司-復榮店,臺北市,104臺北市中山區復興北路５１４巷３６號１樓,A000962,林秋薇,02-25239588*6142,連鎖型綠色商店,121.542477329049,25.06588581254
全家便利商店股份有限公司-敦北店,臺北市,105臺北市松山區敦化北路４巷１６號１樓,A001121,林秋薇,02-25239588*6142,連鎖型綠色商店,121.547607472887,25.050224897009
全家便利商店股份有限公司-敦安店,臺北市,106臺北市大安區安和路一段１１２巷２７號,A000737,林秋薇,02-25239588*6142,連鎖型綠色商店,121.55035665331,25.034001681504
全家便利商店股份有限公司-敦南店,臺北市,106臺北市大安區敦化南路二段９８號,A001056,林秋薇,02-25239588*6142,連鎖型綠色商店,121.548386738425,25.027988336528
全家便利商店股份有限公司-敦新店,臺北市,106臺北市大安區敦安里仁愛路四段１１２巷５號一樓,A001127,林秋薇,02-25239588*6142,連鎖型綠色商店,121.549714515707,25.036961289606
全家便利商店股份有限公司-晶華店,臺北市,104臺北市中山區林森北路３３４號,A001026,林秋薇,02-25239588*6142,連鎖型綠色商店,121.525361147488,25.056716094286
全家便利商店股份有限公司-景中店,臺北市,116臺北市文山區景中街５號，七號一樓,A001104,林秋薇,02-25239588*6142,連鎖型綠色商店,121.541763693812,24.993040200785
全家便利商店股份有限公司-景文店,臺北市,116臺北市文山區景文街８３號,A001217,林秋薇,02-25239588*6142,連鎖型綠色商店,121.541386508169,24.991137466855
全家便利商店股份有限公司-景行店,臺北市,116臺北市文山區景興路２０２巷１４號,A000970,林秋薇,02-25239588*6142,連鎖型綠色商店,121.543183001477,24.992010861166
全家便利商店股份有限公司-景和店,臺北市,116臺北市文山區羅斯福路六段２７４號,A001147,林秋薇,02-25239588*6142,連鎖型綠色商店,121.539999554651,24.991410255894
全家便利商店股份有限公司-景興店,臺北市,116臺北市文山區興隆路一段２４９號１樓,A001163,林秋薇,02-25239588*6142,連鎖型綠色商店,121.544201318894,24.999577708076
全家便利商店股份有限公司-港福店,臺北市,115臺北市南港區福德街３７３巷６３號１樓,A001128,林秋薇,02-25239588*6142,連鎖型綠色商店,121.592030889165,25.039593542479
全家便利商店股份有限公司-港墘店,臺北市,114臺北市內湖區港墘路４４號,A001088,林秋薇,02-25239588*6142,連鎖型綠色商店,121.578085497757,25.0821017777
全家便利商店股份有限公司-湖山店,臺北市,114臺北市內湖區麗山街３４８巷１０弄２號,A001148,林秋薇,02-25239588*6142,連鎖型綠色商店,121.573554157081,25.08216929393
全家便利商店股份有限公司-湖光店,臺北市,114臺北市內湖區金湖路４９號１樓,A001149,林秋薇,02-25239588*6142,連鎖型綠色商店,121.596686533464,25.082187901755
全家便利商店股份有限公司-湖安店,臺北市,114臺北市內湖區內湖路一段２８５巷１９號１樓,A001213,林秋薇,02-25239588*6142,連鎖型綠色商店,121.567000598445,25.082924210039
全家便利商店股份有限公司-湖運店,臺北市,114臺北市內湖區洲子街１２號,A001099,林秋薇,02-25239588*6142,連鎖型綠色商店,121.575042447809,25.078221124168
全家便利商店股份有限公司-紫陽店,臺北市,114臺北市內湖區文德路２１２號,A000938,林秋薇,02-25239588*6142,連鎖型綠色商店,121.584047042571,25.078321246001
全家便利商店股份有限公司-華林店,臺北市,111臺北市士林區中正路２５３號１樓,A001227,林秋薇,02-25239588*6142,連鎖型綠色商店,121.52501556162,25.094958778981
全家便利商店股份有限公司-華崗店,臺北市,111臺北市士林區光華路２６巷３號－２,A000952,林秋薇,02-25239588*6142,連鎖型綠色商店,121.541832341599,25.137227710866
全家便利商店股份有限公司-華視店,臺北市,106臺北市大安區光復南路１１６巷２６號,A000944,林秋薇,02-25239588*6142,連鎖型綠色商店,121.556426240856,25.042978615986
全家便利商店股份有限公司-華園店,臺北市,108臺北市萬華區和平里西園路二段１４０巷３２號一樓,A001176,林秋薇,02-25239588*6142,連鎖型綠色商店,121.495450242188,25.030996182482
全家便利商店股份有限公司-華碩店,臺北市,112臺北市北投區立德路１５號,A001047,林秋薇,02-25239588*6142,連鎖型綠色商店,121.471177424058,25.124974290433
全家便利商店股份有限公司-華德店,臺北市,116臺北市文山區景華街７５號,A001207,林秋薇,02-25239588*6142,連鎖型綠色商店,121.545456676532,24.995289358774
全家便利商店股份有限公司-貴陽店,臺北市,108臺北市萬華區貴陽街二段１８２號，１８４號,A001108,林秋薇,02-25239588*6142,連鎖型綠色商店,121.500579631655,25.040101821087
全家便利商店股份有限公司-開封店,臺北市,100臺北市中正區開封街一段４１號１樓,A000984,林秋薇,02-25239588*6142,連鎖型綠色商店,121.512526609708,25.046062443892
全家便利商店股份有限公司-開懷店,臺北市,100臺北市中正區黎明里懷寧街１７號１樓,A000995,林秋薇,02-25239588*6142,連鎖型綠色商店,121.514251102467,25.0456220587
全家便利商店股份有限公司-陽大店,臺北市,臺北市立農街二段１５５號１樓,A001450,林秋薇,02-25239588*6142,連鎖型綠色商店,121.513309311826,25.11965056654
全家便利商店股份有限公司-陽光店,臺北市,114臺北市內湖區瑞光路２１０號,A000925,林秋薇,02-25239588*6142,連鎖型綠色商店,121.576318089653,25.075200411992
全家便利商店股份有限公司-順輝店,臺北市,116臺北市文山區光輝路７號,A000923,林秋薇,02-25239588*6142,連鎖型綠色商店,121.555012129971,24.986426962999
全家便利商店股份有限公司-匯豐店,臺北市,104臺北市中山區南京東路二段１１號,A001130,林秋薇,02-25239588*6142,連鎖型綠色商店,121.528422553804,25.052336382238
全家便利商店股份有限公司-廈門店,臺北市,100臺北市中正區廈門街５２號,A001007,林秋薇,02-25239588*6142,連鎖型綠色商店,121.51738719154,25.025274904922
全家便利商店股份有限公司-微風店,臺北市,105臺北市松山區市民大道四段５１號１樓,A000696,林秋薇,02-25239588*6142,連鎖型綠色商店,121.546123540749,25.045316789786
全家便利商店股份有限公司-新中坡店,臺北市,110臺北市信義區中坡南路２２９號,A001109,林秋薇,02-25239588*6142,連鎖型綠色商店,121.585093439363,25.040624097474
全家便利商店股份有限公司-新內湖店,臺北市,114臺北市內湖區成功路２段４２０號,A001129,林秋薇,02-25239588*6142,連鎖型綠色商店,121.589715723689,25.071229653
全家便利商店股份有限公司-新文華店,臺北市,116台北市文山區景華街３巷２號１樓及Ｂ１,A001060,林秋薇,02-25239588*6142,連鎖型綠色商店,121.541600665795,24.995143304111
全家便利商店股份有限公司-新生店,臺北市,104臺北市中山區正義里新生北路一段１１２號,A000916,林秋薇,02-25239588*6142,連鎖型綠色商店,121.527873622965,25.050487795403
全家便利商店股份有限公司-新生南路店,臺北市,106臺北市大安區新生南路一段１６３號,A000469,林秋薇,02-25239588*6142,連鎖型綠色商店,121.532954984127,25.034315248502
全家便利商店股份有限公司-新光店,臺北市,104臺北市中山區南京西路１２巷１號１樓,A000948,林秋薇,02-25239588*6142,連鎖型綠色商店,121.521490384602,25.051740596561
全家便利商店股份有限公司-新安店,臺北市,106臺北市大安區瑞安街２７４號１樓,A000703,林秋薇,02-25239588*6142,連鎖型綠色商店,121.539147869469,25.026157393598
全家便利商店股份有限公司-新成鑫店,臺北市,115臺北市南港區玉成街１７６巷１號,A000997,林秋薇,02-25239588*6142,連鎖型綠色商店,121.584287267916,25.044386314715
全家便利商店股份有限公司-新忠隆店,臺北市,110臺北市信義區興雅里忠孝東路五段７１巷８號壹樓,A001225,林秋薇,02-25239588*6142,連鎖型綠色商店,121.567248702779,25.041788846739
全家便利商店股份有限公司-新昌店,臺北市,100臺北市中正區龍福里南昌路一段４９號一樓,A001150,林秋薇,02-25239588*6142,連鎖型綠色商店,121.517223912066,25.03137550551
全家便利商店股份有限公司-新昆陽店,臺北市,115臺北市南港區昆陽街１４５號,A001201,林秋薇,02-25239588*6142,連鎖型綠色商店,121.594202556458,25.050118111563
全家便利商店股份有限公司-新東店,臺北市,105臺北市松山區新東街１４號,A000692,林秋薇,02-25239588*6142,連鎖型綠色商店,121.566166347622,25.057844969005
全家便利商店股份有限公司-新林森店,臺北市,104台北市中山區林森北路６３０號１樓,A001010,林秋薇,02-25239588*6142,連鎖型綠色商店,121.525614113326,25.067596307521
全家便利商店股份有限公司-新松林店,臺北市,110臺北市信義區虎林街６１－４號,A000702,林秋薇,02-25239588*6142,連鎖型綠色商店,121.577076903347,25.046264783035
全家便利商店股份有限公司-新松春店,臺北市,110臺北市信義區松山路２８１號１樓,A001112,林秋薇,02-25239588*6142,連鎖型綠色商店,121.577979047586,25.043088921831
全家便利商店股份有限公司-新知行店,臺北市,112臺北市北投區關渡里知行路２３７號,A001032,林秋薇,02-25239588*6142,連鎖型綠色商店,121.467016982598,25.120387713015
全家便利商店股份有限公司-新青年店,臺北市,108臺北市萬華區青年路６號,A000906,林秋薇,02-25239588*6142,連鎖型綠色商店,121.506208163456,25.026141048887
全家便利商店股份有限公司-新峨嵋店,臺北市,108臺北市萬華區峨眉街８２號１樓,A000929,林秋薇,02-25239588*6142,連鎖型綠色商店,121.504063821167,25.044122033307
全家便利商店股份有限公司-新泰店,臺北市,104臺北市中山區聚盛里民生東路一段４１號一樓,A000734,林秋薇,02-25239588*6142,連鎖型綠色商店,121.525978642295,25.05819344663
全家便利商店股份有限公司-新健康店,臺北市,105臺北市松山區南京東路四段１３３巷９弄２號,A001016,林秋薇,02-25239588*6142,連鎖型綠色商店,121.555255875716,25.053223229504
全家便利商店股份有限公司-新惠安店,臺北市,100台北市中正區中華路二段３０７巷４６號,A001131,林秋薇,02-25239588*6142,連鎖型綠色商店,121.506470768483,25.02950655065
全家便利商店股份有限公司-新湖店,臺北市,114臺北市內湖區新湖二路２５０巷８號１樓,A001152,林秋薇,02-25239588*6142,連鎖型綠色商店,121.582556824005,25.064847546194
全家便利商店股份有限公司-新貿店,臺北市,110臺北市信義區信義路四段４０７號壹樓,A001137,林秋薇,02-25239588*6142,連鎖型綠色商店,121.558933016639,25.033254644383
全家便利商店股份有限公司-新陽明店,臺北市,111臺北市士林區中正路３２９號,A001179,林秋薇,02-25239588*6142,連鎖型綠色商店,121.523223762178,25.094549029644
全家便利商店股份有限公司-新瑞店,臺北市,114臺北市內湖區堤頂大道２段４０７巷２６號一樓,A001009,林秋薇,02-25239588*6142,連鎖型綠色商店,121.563778762502,25.08114779139
全家便利商店股份有限公司-新農店,臺北市,104臺北市中山區恆安里農安街２６之３號一樓,A000993,林秋薇,02-25239588*6142,連鎖型綠色商店,121.52593497258,25.064829986107
全家便利商店股份有限公司-新壽店,臺北市,105臺北市松山區龍田里延壽街４００號１樓,A001166,林秋薇,02-25239588*6142,連鎖型綠色商店,121.557280608247,25.056288826771
全家便利商店股份有限公司-新實店,臺北市,112臺北市北投區吉利里實踐街５１號１樓,A001054,林秋薇,02-25239588*6142,連鎖型綠色商店,121.509624794829,25.115318296065
全家便利商店股份有限公司-新福興店,臺北市,116臺北市文山區福興路６５號,A000782,林秋薇,02-25239588*6142,連鎖型綠色商店,121.54987268222,25.003622185906
全家便利商店股份有限公司-新遠企店,臺北市,106臺北市大安區敦化南路二段２６１號,A000992,林秋薇,02-25239588*6142,連鎖型綠色商店,121.549121412239,25.025581640669
全家便利商店股份有限公司-新德城店,臺北市,104台北市中山區德惠街１６－７號,A000956,林秋薇,02-25239588*6142,連鎖型綠色商店,121.524705934117,25.066619899621
全家便利商店股份有限公司-新稻江店,臺北市,104台北市中山區農安街８６號１樓,A001084,林秋薇,02-25239588*6142,連鎖型綠色商店,121.529293517363,25.064753836517
全家便利商店股份有限公司-新橋店,臺北市,103臺北市大同區延平北路三段２５之３號,A000961,林秋薇,02-25239588*6142,連鎖型綠色商店,121.511231605667,25.064306410525
全家便利商店股份有限公司-新興義店,臺北市,108臺北市萬華區和德里興義街４１號１樓,A001160,林秋薇,02-25239588*6142,連鎖型綠色商店,121.491722139293,25.02654417652
全家便利商店股份有限公司-新龍口店,臺北市,100台北市中正區汀州路一段２４４號,A001013,林秋薇,02-25239588*6142,連鎖型綠色商店,121.510376651543,25.027233210871
全家便利商店股份有限公司-瑞光店,臺北市,114臺北市內湖區瑞光路５１０號１樓,A001208,林秋薇,02-25239588*6142,連鎖型綠色商店,121.567705432683,25.079445091579
全家便利商店股份有限公司-瑞和店,臺北市,106臺北市大安區瑞安街１３５巷２８號１樓,A001012,林秋薇,02-25239588*6142,連鎖型綠色商店,121.541682724627,25.026483491541
全家便利商店股份有限公司-瑞湖店,臺北市,114臺北市內湖區港墘里瑞光路５１３巷３９號１樓,A001146,林秋薇,02-25239588*6142,連鎖型綠色商店,121.570286472128,25.080066106785
全家便利商店股份有限公司-瑞陽店,臺北市,114臺北市內湖區文德路９０巷４９號,A000556,林秋薇,02-25239588*6142,連鎖型綠色商店,121.583502051227,25.077251589427
全家便利商店股份有限公司-萬全店,臺北市,103臺北市大同區民生西路６３號,A001139,林秋薇,02-25239588*6142,連鎖型綠色商店,121.520151040293,25.057719575734
全家便利商店股份有限公司-萬安店,臺北市,116臺北市文山區萬安街１７號,A001155,林秋薇,02-25239588*6142,連鎖型綠色商店,121.570622837902,25.001275755931
全家便利商店股份有限公司-萬年店,臺北市,108臺北市萬華區西寧南路１５５號１樓,A000689,林秋薇,02-25239588*6142,連鎖型綠色商店,121.50626407075,25.043540538775
全家便利商店股份有限公司-萬和店,臺北市,116臺北市文山區羅斯福路五段２１８巷３８弄２號１樓,A001200,林秋薇,02-25239588*6142,連鎖型綠色商店,121.536877295718,25.002189215739
全家便利商店股份有限公司-萬國店,臺北市,108臺北市萬華區峨嵋街２１號１樓,A001103,林秋薇,02-25239588*6142,連鎖型綠色商店,121.4997012,25.035103
全家便利商店股份有限公司-萬隆店,臺北市,116臺北市文山區萬祥里羅斯福路五段２６３號一樓,A001064,林秋薇,02-25239588*6142,連鎖型綠色商店,121.539516170295,25.001129826997
全家便利商店股份有限公司-義興店,臺北市,106臺北市大安區信義路４段１之１０．１之１１號,A000978,林秋薇,02-25239588*6142,連鎖型綠色商店,121.543915244538,25.033565990177
全家便利商店股份有限公司-葫東店,臺北市,111臺北市士林區葫東里重慶北路四段１８８號一樓,A000712,林秋薇,02-25239588*6142,連鎖型綠色商店,121.51194557618,25.084648744708
全家便利商店股份有限公司-葫蘆店,臺北市,111臺北市士林區延平北路五段２８３之１號,A000950,林秋薇,02-25239588*6142,連鎖型綠色商店,121.509489091816,25.085566018282
全家便利商店股份有限公司-試院店,臺北市,116臺北市文山區木柵路一段９１號９３號一樓,A001065,林秋薇,02-25239588*6142,連鎖型綠色商店,121.547361547848,24.987109291827
全家便利商店股份有限公司-農安店,臺北市,104臺北市中山區農安街２４９號,A001165,林秋薇,02-25239588*6142,連鎖型綠色商店,121.53492238444,25.064795159299
全家便利商店股份有限公司-寧夏店,臺北市,103臺北市大同區寧夏路２８，３０，２８—１，２８—２號,A000980,林秋薇,02-25239588*6142,連鎖型綠色商店,121.51512256894,25.055826355264
全家便利商店股份有限公司-榮濱店,臺北市,104臺北市中山區民族東路４１０巷２４號１樓,A001004,林秋薇,02-25239588*6142,連鎖型綠色商店,121.538226782129,25.065479080689
全家便利商店股份有限公司-漢中店,臺北市,108臺北市萬華區漢中街１３９號１樓,A000940,林秋薇,02-25239588*6142,連鎖型綠色商店,121.50731591578,25.041722001062
全家便利商店股份有限公司-碧湖店,臺北市,114臺北市內湖區內湖路一段５９３號一樓及地下室,A001072,林秋薇,02-25239588*6142,連鎖型綠色商店,121.573317955049,25.080995911304
全家便利商店股份有限公司-福安店,臺北市,103臺北市大同區長安西路５４號１樓,A000926,林秋薇,02-25239588*6142,連鎖型綠色商店,121.519884579591,25.050139317778
全家便利商店股份有限公司-福林店,臺北市,111臺北市士林區福林里中正路２３３號，２３３之１號,A001181,林秋薇,02-25239588*6142,連鎖型綠色商店,121.5260508943,25.095191041518
全家便利商店股份有限公司-福泰店,臺北市,104臺北市中山區民生東路一段３６號１樓,A000943,林秋薇,02-25239588*6142,連鎖型綠色商店,121.524306536431,25.057934236274
全家便利商店股份有限公司-福康店,臺北市,106臺北市大安區信義路２段１９８巷６號一樓及地下室,A000971,林秋薇,02-25239588*6142,連鎖型綠色商店,121.530331196976,25.033052724336
全家便利商店股份有限公司-福港店,臺北市,111臺北市士林區前港街１２６號,A000963,林秋薇,02-25239588*6142,連鎖型綠色商店,121.517766807935,25.085183929226
全家便利商店股份有限公司-福澤店,臺北市,103臺北市大同區民權西路１４６號,A001133,林秋薇,02-25239588*6142,連鎖型綠色商店,121.515811393743,25.062764852803
全家便利商店股份有限公司-福嶺店,臺北市,100臺北市中正區牯嶺街４３號１樓,A001110,林秋薇,02-25239588*6142,連鎖型綠色商店,121.516556209659,25.029993832591
全家便利商店股份有限公司-精英店,臺北市,114臺北市內湖區堤頂大道二段２４１號壹樓,A001105,林秋薇,02-25239588*6142,連鎖型綠色商店,121.566795074179,25.078225734214
全家便利商店股份有限公司-綠堤店,臺北市,108臺北市萬華區環河南路二段１７３號,A001006,林秋薇,02-25239588*6142,連鎖型綠色商店,121.492329659635,25.032915261124
全家便利商店股份有限公司-聚葉店,臺北市,104臺北市中山區中山北路二段１３７巷３４號１樓,A001167,林秋薇,02-25239588*6142,連鎖型綠色商店,121.525102062861,25.061618208448
全家便利商店股份有限公司-臺二店,臺北市,106臺北市大安區羅斯福路四段１號第一學生活動中心側邊,A001234,林秋薇,02-25239588*6142,連鎖型綠色商店,121.533700638234,25.01698105364
全家便利商店股份有限公司-臺大二活店,臺北市,106臺北市大安區羅斯福路四段８５號（第二學生活動中心）,A000960,林秋薇,02-25239588*6142,連鎖型綠色商店,121.536484687373,25.012893199461
全家便利商店股份有限公司-臺科大店,臺北市,106臺北市大安區基隆路４段４３號地下一樓（活動中心地下,A000542,林秋薇,02-25239588*6142,連鎖型綠色商店,121.540623838799,25.013742998714
全家便利商店股份有限公司-臺師大店,臺北市,106臺北市大安區師大路９號地下一樓（男一舍）,A001097,林秋薇,02-25239588*6142,連鎖型綠色商店,121.528560352292,25.025860716135
全家便利商店股份有限公司-臺視店,臺北市,105臺北市松山區八德路三段１２巷５弄２號,A001218,林秋薇,02-25239588*6142,連鎖型綠色商店,121.55082151366,25.047556350495
全家便利商店股份有限公司-臺新店,臺北市,106臺北市大安區新生南路三段８４之８號,A001195,林秋薇,02-25239588*6142,連鎖型綠色商店,121.533507183908,25.018916183626
全家便利商店股份有限公司-臺醫店,臺北市,100臺北市中正區中山南路７號１樓,A001226,林秋薇,02-25239588*6142,連鎖型綠色商店,121.518557891957,25.040775726103
全家便利商店股份有限公司-齊東店,臺北市,100臺北市中正區濟南路二段３號之７，一樓,A000907,林秋薇,02-25239588*6142,連鎖型綠色商店,121.526522208716,25.041574311928
全家便利商店股份有限公司-德光店,臺北市,105臺北市松山區八德路三段１０６巷６０號,A000917,林秋薇,02-25239588*6142,連鎖型綠色商店,121.554130018481,25.046400527957
全家便利商店股份有限公司-德行店,臺北市,111臺北市士林區德行東路１０９巷３號,A001041,林秋薇,02-25239588*6142,連鎖型綠色商店,121.528301100027,25.107913471343
全家便利商店股份有限公司-德惠店,臺北市,104臺北市中山區吉林路４４８號,A001153,林秋薇,02-25239588*6142,連鎖型綠色商店,121.530305213076,25.066705436942
全家便利商店股份有限公司-慶城店,臺北市,105臺北市松山區中正里慶城街８號,A001118,林秋薇,02-25239588*6142,連鎖型綠色商店,121.544876732652,25.052697684175
全家便利商店股份有限公司-慶權店,臺北市,103臺北市大同區重慶北路二段２６３號１樓,A001178,林秋薇,02-25239588*6142,連鎖型綠色商店,121.51374701481,25.062759823661
全家便利商店股份有限公司-摩天店,臺北市,100臺北市中正區許昌街２６號,A001151,林秋薇,02-25239588*6142,連鎖型綠色商店,121.516426373979,25.04544373371
全家便利商店股份有限公司-撫順店,臺北市,104臺北市中山區撫順街１２之２號１樓,A000777,林秋薇,02-25239588*6142,連鎖型綠色商店,121.520949835666,25.063550530497
全家便利商店股份有限公司-撫遠店,臺北市,105臺北市松山區新東街６０巷１７號,A001096,林秋薇,02-25239588*6142,連鎖型綠色商店,121.566075739249,25.062177658576
全家便利商店股份有限公司-樂利店,臺北市,106臺北市大安區通化街１６８號之２號,A001008,林秋薇,02-25239588*6142,連鎖型綠色商店,121.553562312179,25.028245619046
全家便利商店股份有限公司-樂群店,臺北市,104臺北市中山區樂群二路１８６號,A000693,林秋薇,02-25239588*6142,連鎖型綠色商店,121.55851216128,25.079575136807
全家便利商店股份有限公司-興仁店,臺北市,106臺北市大安區復興南路一段２１７號,A000543,林秋薇,02-25239588*6142,連鎖型綠色商店,121.543946425218,25.039102404862
全家便利商店股份有限公司-興北店,臺北市,105臺北市松山區民權東路三段１０３巷１５—１號,A001115,林秋薇,02-25239588*6142,連鎖型綠色商店,121.545118550558,25.062439048226
全家便利商店股份有限公司-興安店,臺北市,104臺北市中山區興安街５７號,A001107,林秋薇,02-25239588*6142,連鎖型綠色商店,121.542266356546,25.056198763222
全家便利商店股份有限公司-興和店,臺北市,106臺北市大安區復興南路二段１５３號,A000778,林秋薇,02-25239588*6142,連鎖型綠色商店,121.543702679474,25.028316362308
全家便利商店股份有限公司-興忠店,臺北市,106臺北市大安區復興南路一段２００號,A001168,林秋薇,02-25239588*6142,連鎖型綠色商店,121.543496484656,25.039691610746
全家便利商店股份有限公司-興昌店,臺北市,116臺北市文山區辛亥路４段１０１巷１號,A000697,林秋薇,02-25239588*6142,連鎖型綠色商店,121.558977105449,25.00664046733
全家便利商店股份有限公司-興欣店,臺北市,116臺北市文山區興隆路二段２０５號,A001183,林秋薇,02-25239588*6142,連鎖型綠色商店,121.549910903699,25.000986580272
全家便利商店股份有限公司-興南店,臺北市,106臺北市大安區復興南路二段８，１０號,A000544,林秋薇,02-25239588*6142,連鎖型綠色商店,121.543370253194,25.032863041867
全家便利商店股份有限公司-興崙店,臺北市,116臺北市文山區興隆路四段５０之１號,A001092,林秋薇,02-25239588*6142,連鎖型綠色商店,121.560469251853,24.986968685401
全家便利商店股份有限公司-興盛店,臺北市,114臺北市內湖區新明路１８２號,A001204,林秋薇,02-25239588*6142,連鎖型綠色商店,121.585330982499,25.0573952799
全家便利商店股份有限公司-興華店,臺北市,115臺北市南港區興華路８６號,A001171,林秋薇,02-25239588*6142,連鎖型綠色商店,121.605697582292,25.055928111568
全家便利商店股份有限公司-興雅店,臺北市,110臺北市信義區虎林街２２２巷７９號,A000690,林秋薇,02-25239588*6142,連鎖型綠色商店,121.575948635859,25.036357307457
全家便利商店股份有限公司-興園店,臺北市,116臺北市文山區興業里興隆路二段２２０巷３３號,A001222,林秋薇,02-25239588*6142,連鎖型綠色商店,121.552266553767,25.000415814575
全家便利商店股份有限公司-興業店,臺北市,116臺北市文山區興隆路二段２７９號,A000716,林秋薇,02-25239588*6142,連鎖型綠色商店,121.552699479066,25.001636596863
全家便利商店股份有限公司-興德店,臺北市,104臺北市中山區復興南路一段３８號,A001076,林秋薇,02-25239588*6142,連鎖型綠色商店,121.543658423025,25.04549473759
全家便利商店股份有限公司-衡山店,臺北市,104臺北市中山區通北街１１１號,A001203,林秋薇,02-25239588*6142,連鎖型綠色商店,121.538107675285,25.083911849691
全家便利商店股份有限公司-錦江店,臺北市,104臺北市中山區錦州街２１５號,A001042,林秋薇,02-25239588*6142,連鎖型綠色商店,121.532197846813,25.060390133904
全家便利商店股份有限公司-錦西店,臺北市,104臺北市中山區錦西街８號,A000966,林秋薇,02-25239588*6142,連鎖型綠色商店,121.521710325741,25.060237708995
全家便利商店股份有限公司-錦原店,臺北市,104臺北市中山區中原街１０１號１樓,A000965,林秋薇,02-25239588*6142,連鎖型綠色商店,121.529026050833,25.060938226553
全家便利商店股份有限公司-靜心店,臺北市,116臺北市文山區興隆路二段７３號,A000979,林秋薇,02-25239588*6142,連鎖型綠色商店,121.546592129475,24.999174458213
全家便利商店股份有限公司-館中店,臺北市,100臺北市中正區羅斯福路三段３１６巷８弄１號１樓,A001066,林秋薇,02-25239588*6142,連鎖型綠色商店,121.532552820413,25.015743717093
全家便利商店股份有限公司-龍普店,臺北市,106臺北市大安區忠孝東路４段１７０巷６弄２號,A000973,林秋薇,02-25239588*6142,連鎖型綠色商店,121.550599141768,25.040748945922
全家便利商店股份有限公司-濱江店,臺北市,104臺北市中山區建國北路三段１１１號１樓,A001025,林秋薇,02-25239588*6142,連鎖型綠色商店,121.536030388221,25.066358635699
全家便利商店股份有限公司-環山店,臺北市,114臺北市內湖區環山路一段５號,A001057,林秋薇,02-25239588*6142,連鎖型綠色商店,121.565665948002,25.082807408219
全家便利商店股份有限公司-環南店,臺北市,108臺北市萬華區環河南路二段２９８號,A001219,林秋薇,02-25239588*6142,連鎖型綠色商店,121.490684962594,25.031473070863
全家便利商店股份有限公司-環德店,臺北市,114臺北市內湖區港華里環山路二段５５號１樓,A001063,林秋薇,02-25239588*6142,連鎖型綠色商店,121.573795472073,25.085200148209
全家便利商店股份有限公司-磺溪店,臺北市,111臺北市士林區天母西路４０－１號,A000953,林秋薇,02-25239588*6142,連鎖型綠色商店,121.525990879874,25.118250746801
全家便利商店股份有限公司-聯合店,臺北市,110臺北市信義區忠孝東路四段５５３巷６弄１７號１樓,A001040,林秋薇,02-25239588*6142,連鎖型綠色商店,121.563517666219,25.042339328231
全家便利商店股份有限公司-豐禾店,臺北市,105臺北市松山區民生東路三段１３０巷５弄２號,A000909,林秋薇,02-25239588*6142,連鎖型綠色商店,121.546353623991,25.056962731787
全家便利商店股份有限公司-豐華店,臺北市,105臺北市松山區民生東路三段１１３巷６弄１號一樓,A000701,林秋薇,02-25239588*6142,連鎖型綠色商店,121.54554686581,25.058583205127
全家便利商店股份有限公司-豐興店,臺北市,105臺北市松山區民生東路三段１３０巷５弄２２號,A001089,林秋薇,02-25239588*6142,連鎖型綠色商店,121.547133476263,25.05695376315
全家便利商店股份有限公司-雙城店,臺北市,104臺北市中山區雙城街１２之１號,A000914,林秋薇,02-25239588*6142,連鎖型綠色商店,121.5242967064,25.064534986434
全家便利商店股份有限公司-雙權店,臺北市,104臺北市中山區雙城街１號１樓,A000942,林秋薇,02-25239588*6142,連鎖型綠色商店,121.524435198644,25.063064002927
全家便利商店股份有限公司-懷生店,臺北市,106臺北市大安區復興南路１段７０號,A000658,林秋薇,02-25239588*6142,連鎖型綠色商店,121.543606958139,25.044152417706
全家便利商店股份有限公司-羅中店,臺北市,106臺北市大安區羅斯福路二段１７號１Ｆ,A001224,林秋薇,02-25239588*6142,連鎖型綠色商店,121.521926243567,25.028092691222
全家便利商店股份有限公司-麗山店,臺北市,114臺北市內湖區內湖路一段７３７巷４９號,A001220,林秋薇,02-25239588*6142,連鎖型綠色商店,121.579088057195,25.080349163655
全家便利商店股份有限公司-寶元店,臺北市,108臺北市萬華區寶興街４０號,A000908,林秋薇,02-25239588*6142,連鎖型綠色商店,121.493340684796,25.027240419307
全家便利商店股份有限公司-寶清店,臺北市,105臺北市松山區八德路四段５９８號１樓,A001187,林秋薇,02-25239588*6142,連鎖型綠色商店,121.572437017026,25.049798174319
全家便利商店股份有限公司-寶慶店,臺北市,100臺北市中正區延平南路１１１號,A001068,林秋薇,02-25239588*6142,連鎖型綠色商店,121.509593362692,25.041756576412
全家便利商店股份有限公司-寶興店,臺北市,108臺北市萬華區寶興街７８號,A001023,林秋薇,02-25239588*6142,連鎖型綠色商店,121.494220868449,25.026083297574
全家便利商店股份有限公司-蘭州店,臺北市,103臺北市大同區大龍街２１７號１樓,A001232,林秋薇,02-25239588*6142,連鎖型綠色商店,121.515974254122,25.070592628359
全家便利商店股份有限公司-蘭雅店,臺北市,111臺北市士林區忠誠路二段５０巷１０號,A001031,林秋薇,02-25239588*6142,連鎖型綠色商店,121.529774890062,25.110869684774
全家便利商店股份有限公司-鑫順店,臺北市,116台北市文山區忠順街二段１６號,A000949,林秋薇,02-25239588*6142,連鎖型綠色商店,121.562603032944,24.984552601811
全國電子股份有公司台北市第二十六分公司,臺北市,105臺北市松山區民生東路五段72號,A000087,林篁修,02-22989922-5302,連鎖型綠色商店,121.558800834026,25.058344530435
全國電子股份有公司台北市第三十七分公司全國電子台北木新門市,臺北市,116臺北市文山區木新路三段180號1樓,A000090,林篁修,02-22990328,連鎖型綠色商店,121.560516693425,24.981807779978
全國電子股份有公司台北市第三十三分公司,臺北市,103臺北市大同區酒泉街111號,A000086,林篁修,02-22989922-5302,連鎖型綠色商店,121.515062973609,25.072123541065
全國電子股份有公司台北市第五十分公司,臺北市,111台北市士林區延平北路五段250.252號,A000097,林瑞昌,02-28105268,連鎖型綠色商店,121.509946324634,25.084702556527
全國電子股份有公司台北市第四十七分公司,臺北市,105臺北市松山區建國北路二段123號,A000089,林瑞昌,02-22989922-5302,連鎖型綠色商店,121.537327403919,25.059818697655
全國電子股份有公司台北市第四十九分公司,臺北市,105台北市松山區復興北路331號,A000096,林瑞昌,02-87120318,連鎖型綠色商店,121.544417823453,25.059683329919
全國電子股份有公司台北市第四十八分公司,臺北市,100臺北市中正區新生南路一段102號,A000088,林瑞昌,02-22989922-5302,連鎖型綠色商店,121.532554077698,25.039862811118
全國電子股份有限公司台北市第一分公司,臺北市,112臺北市北投區中央北路1段138號,A000072,林篁修,02-22989922#5302,連鎖型綠色商店,121.498916662065,25.1353142481
全國電子股份有限公司台北市第七分公司,臺北市,115臺北市南港區忠孝東路5段984號,A000061,林篁修,02-22989922#5302,連鎖型綠色商店,121.582464120156,25.044660738224
全國電子股份有限公司台北市第九分公司,臺北市,114臺北市內湖區成功路4段155號,A000055,林瑞昌,02-22989922#5302,連鎖型綠色商店,121.594084371624,25.08318995828
全國電子股份有限公司台北市第二十一分公司,臺北市,108臺北市萬華區中華路二段436號,A000063,林篁修,02-22989922#5302,連鎖型綠色商店,121.506546037973,25.027105303028
全國電子股份有限公司台北市第二十七分公司,臺北市,100臺北市中正區南昌路2段206號,A000066,林篁修,02-22989922#5302,連鎖型綠色商店,121.524309637735,25.024036604457
全國電子股份有限公司台北市第二十九分公司,臺北市,112臺北市北投區泉源路12-1號,A000069,林篁修,02-22989922#5302,連鎖型綠色商店,121.504399013475,25.137109484122
全國電子股份有限公司台北市第二十二分公司,臺北市,103臺北市大同區重慶北路2段100-106號,A000064,林篁修,02-22989922#5302,連鎖型綠色商店,121.513581975137,25.057117461719
全國電子股份有限公司台北市第二十八分公司,臺北市,111臺北市士林區天母北路8號,A000071,林篁修,02-22989922#5302,連鎖型綠色商店,121.526187854598,25.119215294309
全國電子股份有限公司台北市第二十三分公司,臺北市,111臺北市士林區福佳里文林路448號,A000051,林篁修,02-22989922#5302,連鎖型綠色商店,121.524635190854,25.095353482801
全國電子股份有限公司台北市第八分公司,臺北市,116臺北市文山區興隆路2段333號,A000073,林篁修,02-22989922#5302,連鎖型綠色商店,121.554092981572,25.001110869879
全國電子股份有限公司台北市第十八分公司,臺北市,116臺北市文山區羅斯福路5段238號1-2樓,A000074,林瑞昌,02-22989922#5302,連鎖型綠色商店,121.538969586389,25.001433251892
全國電子股份有限公司台北市第十三分公司,臺北市,111臺北市士林區承德路4段128號,A000054,林篁修,02-22989922#5302,連鎖型綠色商店,121.52327992093,25.083828910759
全國電子股份有限公司台北市第十五分公司,臺北市,114臺北市內湖區東湖路84號,A000060,林篁修,02-22989922#5302,連鎖型綠色商店,121.614639564238,25.068551132022
全國電子股份有限公司台北市第十分公司,臺北市,105臺北市松山區八德路三段103號,A000059,林篁修,02-22989922#5302,連鎖型綠色商店,121.553664655217,25.048302088421
全國電子股份有限公司台北市第三十一分公司,臺北市,105臺北市松山區南京東路5段46號,A000067,林篁修,02-22989922#5302,連鎖型綠色商店,121.559786713477,25.051301678201
全國電子股份有限公司台北市第三十九分公司,臺北市,108臺北市萬華區西園路2段243號,A000077,林篁修,02-22989922#5302,連鎖型綠色商店,121.49337461897,25.026447037228
全國電子股份有限公司台北市第三十二分公司,臺北市,106臺北市大安區樂業街152號,A000068,林篁修,02-22989922#5302,連鎖型綠色商店,121.553094182887,25.019852651758
全國電子股份有限公司台北市第三十八分公司,臺北市,116臺北市文山區木柵路3段63、65號,A000076,林篁修,02-22989922#5302,連鎖型綠色商店,121.566667920708,24.988688149019
全國電子股份有限公司台北市第三十六分公司,臺北市,104臺北市中山區北安路577號,A000075,林篁修,02-22989922#5302,連鎖型綠色商店,121.548525458923,25.081486085002
全國電子股份有限公司台北市第三十四分公司,臺北市,108臺北市萬華區萬大路241號,A000058,林篁修,02-22989922#5302,連鎖型綠色商店,121.500596982194,25.026232704998
全國電子股份有限公司台北市第五分公司,臺北市,106臺北市大安區通化街26號,A000065,林篁修,02-22989922#5302,連鎖型綠色商店,121.554178495216,25.031733523682
全國電子股份有限公司台北市第六分公司,臺北市,112臺北市北投區石牌路1段79號,A000070,林篁修,02-22989922#5302,連鎖型綠色商店,121.51142438944,25.113750377257
全國電子股份有限公司台北市第四十一分公司,臺北市,114臺北市內湖區成功路三段158號,A000050,林篁修,02-22989922#5302,連鎖型綠色商店,121.590071619297,25.080167443995
全國電子股份有限公司台北市第四十二分公司,臺北市,111臺北市士林區德行東路226號,A000052,林瑞昌,02-22989922#5302,連鎖型綠色商店,121.532817185639,25.109166691596
全國電子股份有限公司台北市第四十五分公司,臺北市,116臺北市文山區景興路217號,A000056,林瑞昌,02-22989922#5302,連鎖型綠色商店,121.543854811016,24.991605428509
全國電子股份有限公司台北市第四十六分公司,臺北市,115臺北市南港區成福路4號,A000057,林瑞昌,02-22989922#5302,連鎖型綠色商店,121.585794669383,25.045891411158
全國電子股份有限公司台北市第四十分公司,臺北市,104臺北市中山區民權東路二段73號,A000079,林篁修,02-22989922#5302,連鎖型綠色商店,121.531786714462,25.062726840872
全國電子股份有限公司台北市第四十四分公司,臺北市,106臺北市大安區和平東路二段78號,A000053,林瑞昌,02-22989922#5302,連鎖型綠色商店,121.539308299096,25.025242005952
全勝汽車股份有限公司,臺北市,112台北市北投區大業路258號1樓,A001482,謝志騰,02-25066898,連鎖型綠色商店,121.495837738398,25.132759681262
全勝汽車股份有限公司松山分公司,臺北市,105台北市松山區光復北路81號,A001477,謝志騰,02-25066898,連鎖型綠色商店,121.55773555597,25.051399075532
全勝汽車股份有限公司松江分公司,臺北市,104台北市中山區濱江街211號,A001479,謝志騰,02-25066898,連鎖型綠色商店,121.540211532982,25.072722763323
固德汽車股份有限公司仁愛分公司,臺北市,106台北市基隆路二段180號,A001476,江進福,02-25066898,連鎖型綠色商店,121.553341029935,25.025277335674
承德傢俱生活館,臺北市,103臺北市大同區承德路3段3號,A000094,馬國慶,02-26002108,連鎖型綠色商店,121.518510450385,25.063401709806
美德傢俱有限公司,臺北市,116臺北市文山區羅斯福路六段437號1樓,A000098,高朕慶,02-8663-3268,連鎖型綠色商店,121.540046189397,24.990643015332
家福股份有限公司三民分公司,臺北市,105臺北市松山區三民路160號,A000015,王懷生,02-27670702#880,連鎖型綠色商店,121.563538872434,25.061650646414
家福股份有限公司北投分公司,臺北市,112臺北市北投區中和街366號,A000083,齊敏之,02-28963000#885,連鎖型綠色商店,121.499514291761,25.141740904721
家福股份有限公司台北大直分公司,臺北市,104臺北市中山區樂群三路218號2F,A000021,魏志忠,02-85095577#880,連鎖型綠色商店,121.557791317607,25.082498074082
家福股份有限公司台北內湖分公司,臺北市,114臺北市內湖區民善街88號,A000019,陳柔安,02-87905000#872,連鎖型綠色商店,121.575364899624,25.060140688466
家福股份有限公司台北天母分公司,臺北市,111臺北市士林區德行西路47號,A000016,黃翠華,02-28338042#880,連鎖型綠色商店,121.522553293743,25.105547888719
家福股份有限公司台北東興分公司,臺北市,110臺北市信義區東興路39、41、43、45地下一樓,A000020,王英傑,02-87681111#880,連鎖型綠色商店,121.566501120835,25.048053858358
家福股份有限公司台北重慶分公司,臺北市,103臺北市大同區重慶北路2段171號地下1F和2F,A000014,張瑛玿,02-25537389#880,連鎖型綠色商店,121.513828151633,25.05902191394
家福股份有限公司南港分公司,臺北市,115臺北市南港區南港路二段20巷5號B1-1,A000018,鄺鳳屏,02-27882550#880,連鎖型綠色商店,121.605578223991,25.054442503049
家樂福臺北桂林分公司,臺北市,108臺北市萬華區桂林路1號,A000017,吳珮瑜,02-23889887#880,連鎖型綠色商店,121.506303549514,25.037675427756
振宇五金股份有限公司松山三民分公司,臺北市,105臺北市松山區三民路108之8號,A001749,曾善,02-87681536,連鎖型綠色商店,121.56370801924,25.057546154157
特力屋(股)南港興華分公司,臺北市,115臺北市南港區南港路二段20巷5號B1,A001734,江琦玉,02-87916668#6554,連鎖型綠色商店,121.605578223991,25.054442503049
特力屋股份有限公司士林分公司,臺北市,111 台北市士林區基河路258號,A000005,江琦玉,02-2889-1000#666,連鎖型綠色商店,121.520461338349,25.092421451161
特力屋股份有限公司大同重慶北分公司,臺北市,103臺北市大同區重慶北路二段69、69-1號,A001736,江琦玉,02-87916668#6554,連鎖型綠色商店,121.514147250687,25.055815165423
特力屋股份有限公司大安安和分公司,臺北市,106臺北市大安區安和路二段74巷3號,A001733,江琦玉,02-87916668#6554,連鎖型綠色商店,121.551621901594,25.030386147569
特力屋股份有限公司內湖分公司,臺北市,114臺北市內湖區新湖三路23號B1,A000004,江琦玉,02-8791-8896#6666,連鎖型綠色商店,121.574203335482,25.062186711031
特力屋股份有限公司和樂內湖分公司,臺北市,114臺北市內湖區新湖三路23號1樓,A001732,江琦玉,02-87916668#6273,連鎖型綠色商店,121.574203335482,25.062186711031
國防部福利事業管利處信義福利站,臺北市,100臺北市中正區信義路一段三號地下一樓,A000008,黃心瑀,02-23418026,連鎖型綠色商店,121.521318974682,25.037151265441
國防部福利事業管理處大安福利站,臺北市,106臺北市大安區基隆路二段207號,A000009,彭兆珍,02-27322110,連鎖型綠色商店,121.55169759018,25.0233532698
國防部福利事業管理處中華福利站,臺北市,100臺北市中正區貴陽街一段243之1號,A000013,皮力綺,02-23610137,連鎖型綠色商店,121.508290395843,25.039275407344
國防部福利事業管理處北投福利站,臺北市,112臺北市北投區中央北路338號,A000010,高惠雅,02-28913431,連鎖型綠色商店,121.5032185,25.127903
國防部福利事業管理處忠愛福利站,臺北市,100臺北市中正區博愛路172號,A000007,林淑芬,02-23143683,連鎖型綠色商店,121.510806056443,25.036896078399
國防部福利事業管理處松山福利站,臺北市,105臺北市松山區健康路131號,A000011,陳玉美,02-27666169,連鎖型綠色商店,121.557704564909,25.053940175592
國防部福事業管理處南機場福利站,臺北市,108臺北市萬華區中華路2段416巷58號,A000012,簡玉佩,02-23328310,連鎖型綠色商店,121.504394319609,25.027366650769
國都豐田汽車天母營業所,臺北市,111臺北市德行西路15號,A001507,平光敬和,02-2833-5215,連鎖型綠色商店,121.524025409992,25.106161331523
國都豐田汽車民生營業所,臺北市,104臺北市民生東路三段3號,A001506,平光敬和,02-2516-6877,連鎖型綠色商店,121.537560085551,25.058076812447
國都豐田汽車南松江營業所,臺北市,104臺北市松江路127號2F,A001505,平光敬和,02-2517-6761,連鎖型綠色商店,121.533270059867,25.053554105132
國都豐田汽車陽明營業所,臺北市,112臺北市承德路7段260號,A001508,平光敬和,02-2822-0322,連鎖型綠色商店,121.506012697474,25.115959176382
國都豐田汽車濱江營業所,臺北市,104臺北市中山區濱江街269號,A001497,劉清文,25087691,連鎖型綠色商店,121.542483866933,25.072706334792
頂好Wellcome（八德店）,臺北市,106臺北市大安區八德路四段83號,A000140,賀偉民先生,02-28839489分機318,連鎖型綠色商店,121.560325586032,25.048570896056
頂好Wellcome（八德陽店）,臺北市,106臺北市大安區八德路3段225號B1,A000138,賀偉民先生,02-28839489分機318,連鎖型綠色商店,121.556998054291,25.048233985458
頂好Wellcome（士東二店）,臺北市,111臺北市士林區德行東路109巷104號1樓,A000126,賀偉民先生,02-28839489分機318,連鎖型綠色商店,121.528856987846,25.1109565632
頂好Wellcome（大直二店）,臺北市,104臺北市中山區北安路554巷19號B1,A000175,賀偉民先生,02-28839489分機318,連鎖型綠色商店,121.549014878249,25.080172054041
頂好Wellcome（大直店）,臺北市,104臺北市中山區北安路595巷11-13號,A000176,賀偉民先生,02-28839489分機318,連鎖型綠色商店,121.54791969878,25.082250849848
頂好Wellcome（大湖店）,臺北市,114臺北市內湖區大湖山莊街148號,A000156,賀偉民先生,02-28839489分機318,連鎖型綠色商店,121.601522472502,25.086137496441
頂好Wellcome（中坡陽店）,臺北市,115臺北市南港區忠孝東路5段970號B1,A000163,賀偉民先生,02-28839489分機318,連鎖型綠色商店,121.582227834306,25.044277894797
頂好Wellcome（中華店）,臺北市,108臺北市萬華區中華路 2 段 600 號 之1,A000120,賀偉民先生,02-28839489分機318,連鎖型綠色商店,121.4997012,25.035103
頂好Wellcome（中影店）,臺北市,111臺北市士林區至善路2段51號,A000134,賀偉民先生,02-28839489分機318,連鎖型綠色商店,121.543427836869,25.097647022967
頂好Wellcome（仁愛店）,臺北市,106臺北市大安區仁愛路4段50號之99~100號,A000109,賀偉民先生,02-28839489分機318,連鎖型綠色商店,121.547314357733,25.037605313136
頂好Wellcome（仁愛青店）,臺北市,106臺北市大安區仁愛路四段408號B1,A000105,賀偉民先生,02-28839489分機318,連鎖型綠色商店,121.556843491996,25.037412613182
頂好Wellcome（內湖店）,臺北市,114臺北市內湖區江南街65巷41號B1,A000160,賀偉民先生,02-28839489分機318,連鎖型綠色商店,121.578759989505,25.076727385203
頂好Wellcome（天母北店）,臺北市,111臺北市士林區中山北路7段154巷6號1樓,A000128,賀偉民先生,02-28839489分機318,連鎖型綠色商店,121.532947356595,25.123447568679
頂好Wellcome（天母店）,臺北市,111臺北市士林區天母西路 3 號 2 樓之 70,A000147,賀偉民先生,02-28839489分機318,連鎖型綠色商店,121.529271472958,25.118980517201
頂好Wellcome（孔廟店）,臺北市,103臺北市大同區酒泉街 105 號,A000174,賀偉民先生,02-28839489分機318,連鎖型綠色商店,121.515225917807,25.072121403679
頂好Wellcome（木柵店）,臺北市,116臺北市文山區木柵路 4 段 153 號,A000169,賀偉民先生,02-28839489分機318,連鎖型綠色商店,121.5538134,24.9895521
頂好Wellcome（木新店）,臺北市,116臺北市文山區木新路 3 段 278 巷 9 號B1,A000171,賀偉民先生,02-28839489分機318,連鎖型綠色商店,121.5538134,24.9895521
頂好Wellcome（北投店）,臺北市,112臺北市北投區光明路 220 號,A000153,賀偉民先生,02-28839489分機318,連鎖型綠色商店,121.504525664032,25.136241035134
頂好Wellcome（正義陽店）,臺北市,106臺北市大安區忠孝東路3段218號B1,A000113,賀偉民先生,02-28839489分機318,連鎖型綠色商店,121.540240031453,25.041365225353
頂好Wellcome（民權店）,臺北市,114臺北市內湖區民權東路6段296巷42之3號地下樓,A000106,賀偉民先生,02-28839489分機318,連鎖型綠色商店,121.607478149984,25.071583159767
頂好Wellcome（永安店）,臺北市,116臺北市文山區木新路二段158-1號,A000168,賀偉民先生,02-28839489分機318,連鎖型綠色商店,121.568794353855,24.984090100745
頂好Wellcome（吉林二店）,臺北市,100臺北市中正區台北市吉林路372.374號,A000129,賀偉民先生,02-28839489分機318,連鎖型綠色商店,121.530232596201,25.064245109064
頂好Wellcome（同安店）,臺北市,100臺北市中正區同安街71號,A000127,賀偉民先生,02-28839489分機318,連鎖型綠色商店,121.521326266938,25.023413451865
頂好Wellcome（安和店）,臺北市,106臺北市大安區安和路2段80-82號B1,A000111,賀偉民先生,02-28839489分機318,連鎖型綠色商店,121.551009603567,25.02956539161
頂好Wellcome（成功店）,臺北市,106臺北市大安區四維路198巷35號1F,A000110,賀偉民先生,02-28839489分機318,連鎖型綠色商店,121.545838975136,25.027400178382
頂好Wellcome（成福店）,臺北市,115臺北市南港區成福路183號1F,A000166,賀偉民先生,02-28839489分機318,連鎖型綠色商店,121.588599338005,25.040917631723
頂好Wellcome（吳興店）,臺北市,110臺北市信義區松仁路271號B1,A000124,賀偉民先生,02-28839489分機318,連鎖型綠色商店,121.569455154971,25.025003037893
頂好Wellcome（辛亥店）,臺北市,116臺北市文山區木柵路1段259號、259-1號,A000170,賀偉民先生,02-28839489分機318,連鎖型綠色商店,121.553141624459,24.988087543747
頂好Wellcome（和平店）,臺北市,106臺北市大安區羅斯福路2段41-49號B1,A000117,賀偉民先生,02-28839489分機318,連鎖型綠色商店,121.522272919082,25.027617982136
頂好Wellcome（延平店）,臺北市,103臺北市大同區延平北路 2 段 202 號 B1,A000154,賀偉民先生,02-28839489分機318,連鎖型綠色商店,121.5153158,25.0580811
頂好Wellcome（忠孝店）,臺北市,106臺北市大安區忠孝東路四段71號B1,A000104,賀偉民先生,02-28839489分機318,連鎖型綠色商店,121.546856454363,25.041863739044
頂好Wellcome（明德店）,臺北市,112臺北市北投區明德路161號B1,A000155,賀偉民先生,02-28839489分機318,連鎖型綠色商店,121.520957547017,25.111508679162
頂好Wellcome（東光店）,臺北市,104臺北市中山區林森北路413號B1,A000136,賀偉民先生,02-28839489分機318,連鎖型綠色商店,121.525713019783,25.059774566935
頂好Wellcome（東明店）,臺北市,115臺北市南港區東明街99號1樓,A000164,賀偉民先生,02-28839489分機318,連鎖型綠色商店,121.600879161433,25.054643962092
頂好Wellcome（東湖二店）,臺北市,114臺北市內湖區東湖路1號,A000161,賀偉民先生,02-28839489分機318,連鎖型綠色商店,121.612365553906,25.069101320146
頂好Wellcome（東湖三店）,臺北市,114臺北市內湖區康樂街150號1F,A000162,賀偉民先生,02-28839489分機318,連鎖型綠色商店,121.619241229081,25.072627377264
頂好Wellcome（東園店）,臺北市,108臺北市萬華區萬大路 406 號 B1,A000122,賀偉民先生,02-28839489分機318,連鎖型綠色商店,121.498451634077,25.021484189211
頂好Wellcome（林森店）,臺北市,104臺北市中山區林森北路247號B1,A000135,賀偉民先生,02-28839489分機318,連鎖型綠色商店,121.525560050051,25.054131199165
頂好Wellcome（松德店）,臺北市,110臺北市信義區松德路99號B1,A000125,賀偉民先生,02-28839489分機318,連鎖型綠色商店,121.575874770794,25.037954167946
頂好Wellcome（社中店）,臺北市,111臺北市士林區社中街222號1樓,A000146,賀偉民先生,02-28839489分機318,連鎖型綠色商店,121.508277236255,25.091273507611
頂好Wellcome（金龍店）,臺北市,114臺北市內湖區金龍路215號1樓,A000157,賀偉民先生,02-28839489分機318,連鎖型綠色商店,121.587191010633,25.088150871493
頂好Wellcome（長安東店）,臺北市,104臺北市中山區長安東路二段63.63-1.63-2號,A000131,賀偉民先生,02-28839489分機318,連鎖型綠色商店,121.533658728718,25.048543319594
頂好Wellcome（長沙店）,臺北市,108臺北市萬華區長沙街2段93號B1,A000121,賀偉民先生,02-28839489分機318,連鎖型綠色商店,121.50448249723,25.040506164097
頂好Wellcome（長春店）,臺北市,106臺北市大安區長春路343號1樓,A000142,賀偉民先生,02-28839489分機318,連鎖型綠色商店,121.545116538901,25.054675478048
頂好Wellcome（雨聲店）,臺北市,"111臺北市士林區雨聲街52號,52-1號,50巷1號",A000130,賀偉民先生,02-28839489分機318,連鎖型綠色商店,121.528978106346,25.102841372184
頂好Wellcome（南京店）,臺北市,106臺北市大安區南京東路5段198號B1,A000143,賀偉民先生,02-28839489分機318,連鎖型綠色商店,121.564171622304,25.051204070938
頂好Wellcome（南港店）,臺北市,115臺北市南港區舊莊街1段196號1F,A000167,賀偉民先生,02-28839489分機318,連鎖型綠色商店,121.622026535506,25.038702420443
頂好Wellcome（後港店）,臺北市,111臺北市士林區華齡街 175 號,A000149,賀偉民先生,02-28839489分機318,連鎖型綠色商店,121.519387951828,25.087059170514
頂好Wellcome（星雲店）,臺北市,114臺北市內湖區星雲街152號B1,A000158,賀偉民先生,02-28839489分機318,連鎖型綠色商店,121.595991086958,25.080200342964
頂好Wellcome（美麗華店）,臺北市,104臺北市中山區敬業三路20號B1F之1,A000137,賀偉民先生,02-28839489分機318,連鎖型綠色商店,121.556711979935,25.08292588642
頂好Wellcome（致遠店）,臺北市,112臺北市北投區致遠一路二段19.21.23號,A000108,賀偉民先生,02-28839489分機318,連鎖型綠色商店,121.514201062505,25.111192597594
頂好Wellcome（重慶店）,臺北市,103臺北市大同區重慶北路 1 段 73 號 B1,A000165,賀偉民先生,02-28839489分機318,連鎖型綠色商店,121.5153158,25.0580811
頂好Wellcome（師大店）,臺北市,106臺北市大安區師大路129號1F,A000114,賀偉民先生,02-28839489分機318,連鎖型綠色商店,121.528254664283,25.021704884722
頂好Wellcome（清江店）,臺北市,112臺北市北投區公館路 198 號,A000152,賀偉民先生,02-28839489分機318,連鎖型綠色商店,121.507210219981,25.127757543292
頂好Wellcome（莒光店）,臺北市,100臺北市中正區西藏路 125 巷 13-15 號,A000116,賀偉民先生,02-28839489分機318,連鎖型綠色商店,121.504250774652,25.029935806875
頂好Wellcome（通化店）,臺北市,106臺北市大安區延吉街250號B1,A000112,賀偉民先生,02-28839489分機318,連鎖型綠色商店,121.556054587269,25.034862796327
頂好Wellcome（通化陽店）,臺北市,106臺北市大安區信義路4段296號B1,A000144,賀偉民先生,02-28839489分機318,連鎖型綠色商店,121.554592448079,25.032949417379
頂好Wellcome（通河店）,臺北市,111臺北市士林區通河街153號.155號,A000133,賀偉民先生,02-28839489分機318,連鎖型綠色商店,121.520352122151,25.081184713673
頂好Wellcome（敦北陽店）,臺北市,106臺北市大安區敦化北路199巷5號,A000139,賀偉民先生,02-28839489分機318,連鎖型綠色商店,121.551530203573,25.056993116186
頂好Wellcome（景美店）,臺北市,116臺北市文山區萬慶街 27 號,A000173,賀偉民先生,02-28839489分機318,連鎖型綠色商店,121.539306790353,24.992339180313
頂好Wellcome（湖興店）,臺北市,114臺北市內湖區成功路2段320巷19號,A000159,賀偉民先生,02-28839489分機318,連鎖型綠色商店,121.589948908235,25.067733058272
頂好Wellcome（陽明山店）,臺北市,111臺北市士林區格致路7 號,A000148,賀偉民先生,02-28839489分機318,連鎖型綠色商店,121.546117086683,25.136341576062
頂好Wellcome（陽明店）,臺北市,111臺北市士林區德行東路 230 號,A000150,賀偉民先生,02-28839489分機318,連鎖型綠色商店,121.533045341043,25.109254408213
頂好Wellcome（新生店）,臺北市,106臺北市大安區新生南路3段2號B1,A000115,賀偉民先生,02-28839489分機318,連鎖型綠色商店,121.53462985602,25.025778824941
頂好Wellcome（萬和店）,臺北市,116臺北市文山區萬和街6號2樓之2及2樓之3,A000107,賀偉民先生,02-28839489分機318,連鎖型綠色商店,121.567363283395,25.001933274326
頂好Wellcome（萬芳店）,臺北市,116臺北市文山區萬利街路 30 巷 1 號,A000172,賀偉民先生,02-28839489分機318,連鎖型綠色商店,121.56488767641,25.000750593424
頂好Wellcome（萬華店）,臺北市,108臺北市萬華區大理街114號1樓,A000119,賀偉民先生,02-28839489分機318,連鎖型綠色商店,121.497533815679,25.034195764472
頂好Wellcome（農安店）,臺北市,104臺北市中山區農安街257號.259號,A000132,賀偉民先生,02-28839489分機318,連鎖型綠色商店,121.535393782675,25.064785939206
頂好Wellcome（稻香店）,臺北市,112臺北市北投區稻香路81號1樓,A000151,賀偉民先生,02-28839489分機318,連鎖型綠色商店,121.489291387372,25.140913778516
頂好Wellcome（興安店）,臺北市,104臺北市中山區興安街112號B1,A000177,賀偉民先生,02-28839489分機318,連鎖型綠色商店,121.543020141098,25.055952377178
頂好Wellcome（羅斯福店）,臺北市,104臺北市中山區羅斯福路3段285號B1,A000145,賀偉民先生,02-28839489分機318,連鎖型綠色商店,121.5333503,25.0605532
頂好Wellcome（寶慶Gourmet店）,臺北市,100臺北市中正區寶慶路32號B1,A000123,賀偉民先生,02-28839489分機318,連鎖型綠色商店,121.509114001649,25.041688305811
頂好Wellcome（寶興店）,臺北市,108臺北市萬華區萬大路486巷48號1樓,A000118,賀偉民先生,02-28839489分機318,連鎖型綠色商店,121.495865984585,25.020757687753
博達汽車股份有限公司,臺北市,114台北市內湖區港墘路219號,A001478,張麗玉,02-25066898,連鎖型綠色商店,121.573907705757,25.075079461129
博達汽車股份有限公司文山分公司,臺北市,116台北市文山區羅斯福路5段90號,A001480,張麗玉,02-25066898,連鎖型綠色商店,121.538293502079,25.007447518877
棉花田士林士東門市,臺北市,111台北市士林區士東路97號1樓,A001646,路孔明,02-25791777,連鎖型綠色商店,121.529452689704,25.112272983004
棉花田大直樂群門市,臺北市,105臺北市松山區敦化南路一段3號11樓,A001645,路孔明,02-25791777,連鎖型綠色商店,121.549290810502,25.047433513704
棉花田中崙八德門市,臺北市,105台北市八德路三段74巷8號1樓,A001648,路孔明,02-25791777,連鎖型綠色商店,121.552478280641,25.04778106932
棉花田木柵指南門市,臺北市,105臺北市松山區敦化南路一段3號11樓,A001644,路孔明,02-25791777,連鎖型綠色商店,121.549290810502,25.047433513704
棉花田生機園地三民門市,臺北市,105臺北市松山區三民路三民路109號1樓 ,A001587,路孔明,02-25791777#218,連鎖型綠色商店,121.56328785078,25.058080701525
棉花田生機園地士林門市,臺北市,111臺北市士林區華榮街1號,A001495,路孔明,02-25791777#218,連鎖型綠色商店,121.523545543441,25.095231651839
棉花田生機園地中山門市,臺北市,104臺北市中山區中山北路一段116號,A001513,路孔明,02-25791777#218,連鎖型綠色商店,121.521731448137,25.050602376019
棉花田生機園地內湖門市,臺北市,114臺北市內湖區成功路3段181號,A001489,路孔明,02-25791777#218,連鎖型綠色商店,121.590729933973,25.080103909168
棉花田生機園地北投門市,臺北市,112臺北市北投區中央南路1段39號,A001493,路孔明,02-25791777#218,連鎖型綠色商店,121.501455372899,25.132275095737
棉花田生機園地民生門市,臺北市,105臺北市松山區民生東路四段55巷30號1F,A001483,路孔明,02-25791777#218,連鎖型綠色商店,121.550428737677,25.058672262849
棉花田生機園地永春門市,臺北市,110臺北市信義區忠孝東路5段457號,A001490,路孔明,02-25791777#218,連鎖型綠色商店,121.576788314421,25.041025632546
棉花田生機園地忠孝門市,臺北市,106臺北市大安區忠孝東路4段299號,A001494,路孔明,02-25791777#218,連鎖型綠色商店,121.555337347814,25.041598409899
棉花田生機園地忠孝復興門市,臺北市,106臺北市大安區忠孝東路3段221-1號,A001486,路孔明,02-25791777#218,連鎖型綠色商店,121.539882071738,25.041784880603
棉花田生機園地忠誠門市,臺北市,111臺北市士林區忠誠路2段5號,A001511,路孔明,02-25791777#218,連鎖型綠色商店,121.530611990732,25.108785566459
棉花田生機園地東湖門市,臺北市,114臺北市內湖區東湖路126號,A001512,路孔明,02-25791777#218,連鎖型綠色商店,121.616442176335,25.06807084897
棉花田生機園地股份有限公司,臺北市,108臺北市萬華區青年路12號,A001585,路孔明,02-25791777,連鎖型綠色商店,121.505899541781,25.026037909568
棉花田生機園地股份有限公司大安門市,臺北市,106臺北市大安區大安路一段182號,A001584,路孔明,02-25797777,連鎖型綠色商店,121.545921201606,25.036280720977
棉花田生機園地股份有限公司光復門市,臺北市,106臺北市大安區光復南路390-2號,A001583,路孔明,02-25791777,連鎖型綠色商店,121.557393680121,25.037103279045
棉花田生機園地南京門市,臺北市,105臺北市松山區南京東路5段137號,A001496,路孔明,02-25791777#218,連鎖型綠色商店,121.561493771878,25.05169131097
棉花田生機園地南京龍江門市,臺北市,104臺北市中山區南京東路3段82號,A001586,路孔明,02-25791777#218,連鎖型綠色商店,121.539348196955,25.051751241578
棉花田生機園地後山埤門市,臺北市,114臺北市內湖區忠孝東路六段六號,A001510,路孔明,02-25791777#218,連鎖型綠色商店,121.583306417606,25.045256314355
棉花田生機園地重慶門市,臺北市,100臺北市中正區重慶南路1段90號,A001590,路孔明,02-25791777,連鎖型綠色商店,121.51309775259,25.042939891593
棉花田生機園地莊敬門市,臺北市,110臺北市信義區376號,A001593,路孔明,02-25791777,連鎖型綠色商店,121.566,25.0358
棉花田生機園地博愛門市,臺北市,100臺北市中正區博愛路89號,A001484,路孔明,02-25791777#218,連鎖型綠色商店,121.511610300053,25.043330111095
棉花田生機園地景美門市,臺北市,116臺北市文山區景文街117號,A001589,路孔明,02-25791777,連鎖型綠色商店,121.541237980845,24.99053707113
棉花田生機園地福州門市,臺北市,100臺北市中正區福州街11-10號,A001487,路孔明,02-25791777#218,連鎖型綠色商店,121.519059632681,25.029176597031
棉花田生機園地慶城門市,臺北市,105臺北市松山區南京東路3段303巷24號,A001592,路孔明,02-25791777,連鎖型綠色商店,121.546819238712,25.053859332136
棉花田生機園地興隆門市,臺北市,116臺北市文山區興隆路4段153號,A001588,路孔明,02-25791777,連鎖型綠色商店,121.561765764636,24.9846573756
棉花田生機園地錦州門市,臺北市,104臺北市中山區錦州街417號,A001492,路孔明,02-25791777#218,連鎖型綠色商店,121.541921105954,25.060325970436
棉花田生機園地羅斯福門市,臺北市,106臺北市大安區羅斯福路3段273之1,A001488,路孔明,02-25791777#218,連鎖型綠色商店,121.530747442288,25.018542644111
棉花田忠孝216門市,臺北市,110台北市忠孝東路四段216巷33弄11號,A001647,路孔明,02-25791777,連鎖型綠色商店,121.55365744678,25.039513411484
棉花田建南門市,臺北市,105臺北市松山區敦化南路一段3號11樓,A001643,路孔明,02-25791777,連鎖型綠色商店,121.549290810502,25.047433513704
棉花田基隆信二門市,臺北市,105臺北市松山區敦化南路一段3號11樓,A001731,路孔明,02-25791777,連鎖型綠色商店,121.549290810502,25.047433513704
港德傢俱有限公司,臺北市,115台北市南港區忠孝東路6段112號1F,A000103,張凱倫,27887208,連鎖型綠色商店,121.584658418589,25.047326309163
萊爾富國際股份有限公司-北市101店,臺北市,110台北市信義區信義路5段20號,A001624,卓東平,(02)89785935,連鎖型綠色商店,121.563709360344,25.032703618069
萊爾富國際股份有限公司-北市十信店,臺北市,112台北市北投區北投路2段55號,A001635,卓東平,(02)28932370,連鎖型綠色商店,121.496722279813,25.133622109487
萊爾富國際股份有限公司-北市三總店,臺北市,114臺北市內湖區成功路二段325號B1(台北國防醫學中心),A001246,卓東平,02-66068688分機356,連鎖型綠色商店,121.591982106488,25.071800418697
萊爾富國際股份有限公司-北市士大店,臺北市,111臺北市士林區大東路7號,A001383,卓東平,02-66068688分機356,連鎖型綠色商店,121.525332313741,25.086625197477
萊爾富國際股份有限公司-北市士東店,臺北市,111臺北市士林區中山北路六段429號,A001427,卓東平,02-66068688分機356,連鎖型綠色商店,121.527017160099,25.114012060274
萊爾富國際股份有限公司-北市士海店,臺北市,111臺北市士林區延平北路九段212號(海洋技術學院士林校區-學生宿舍及福利社),A001399,卓東平,02-66068688分機356,連鎖型綠色商店,121.470938455998,25.108323304499
萊爾富國際股份有限公司-北市士陽店,臺北市,111臺北市士林區雨聲街105號(北市陽明醫院),A001398,卓東平,02-66068688分機356,連鎖型綠色商店,121.531565599857,25.105194046677
萊爾富國際股份有限公司-北市士銓店,臺北市,111臺北市士林區中山北路七段186號,A001306,卓東平,02-66068688分機356,連鎖型綠色商店,121.533083813979,25.124703052046
萊爾富國際股份有限公司-北市士慶店,臺北市,111臺北市士林區社正路75號,A001322,卓東平,02-66068688分機356,連鎖型綠色商店,121.510791891027,25.089076904156
萊爾富國際股份有限公司-北市士鑽店,臺北市,111臺北市士林區基河路15號A1-01,A001376,卓東平,02-66068688分機356,連鎖型綠色商店,121.524837362359,25.087037796661
萊爾富國際股份有限公司-北市大同店,臺北市,104臺北市中山區中山北路三段40號(大同大學經營大樓),A001410,卓東平,02-66068688分機356,連鎖型綠色商店,121.522209551894,25.066840134127
萊爾富國際股份有限公司-北市大業店,臺北市,112臺北市北投區中和街41號,A001304,卓東平,02-66068688分機356,連鎖型綠色商店,121.502570752754,25.138139033289
萊爾富國際股份有限公司-北市山華店,臺北市,104臺北市中山區長春路208號1樓,A001381,卓東平,02-66068688分機356,連鎖型綠色商店,121.53736881052,25.05465108671
萊爾富國際股份有限公司-北市山寧店,臺北市,104臺北市中山區長安東路二段171-7號,A001371,卓東平,02-66068688分機356,連鎖型綠色商店,121.541967793155,25.048398564127
萊爾富國際股份有限公司-北市山榮店,臺北市,104臺北市中山區長安東路二段118號1樓,A001311,卓東平,02-66068688分機356,連鎖型綠色商店,121.536045475647,25.048303471435
萊爾富國際股份有限公司-北市山德店,臺北市,104臺北市中山區德惠街109號 1樓,A001262,卓東平,02-66068688分機356,連鎖型綠色商店,121.529496778515,25.066723625672
萊爾富國際股份有限公司-北市山擎店,臺北市,104臺北市中山區天祥路70號一樓,A001370,卓東平,02-66068688分機356,連鎖型綠色商店,121.520800302513,25.062420440401
萊爾富國際股份有限公司-北市工農店,臺北市,110臺北市信義區忠孝東路五段236巷16號,A001239,卓東平,02-66068688分機356,連鎖型綠色商店,121.571779372902,25.03987907201
萊爾富國際股份有限公司-北市中山三店,臺北市,104臺北市中山區中山北路二段65巷13號,A001373,卓東平,02-66068688分機356,連鎖型綠色商店,121.524036555329,25.057138626025
萊爾富國際股份有限公司-北市中山店,臺北市,104臺北市中山區中山北路二段137巷2號,A001392,卓東平,02-66068688分機356,連鎖型綠色商店,121.523719467932,25.061666027206
萊爾富國際股份有限公司-北市中原二店,臺北市,104臺北市中山區中原街77號,A001439,卓東平,02-66068688分機356,連鎖型綠色商店,121.529007610646,25.059018938364
萊爾富國際股份有限公司-北市中國店,臺北市,116臺北市文山區興隆路三段56號(中國科技大學),A001396,卓東平,02-66068688分機356,連鎖型綠色商店,121.55540524123,24.999263763893
萊爾富國際股份有限公司-北市內湖二店,臺北市,114臺北市內湖區成功路二段318之1號,A001440,卓東平,02-66068688分機356,連鎖型綠色商店,121.5904869426,25.067395896217
萊爾富國際股份有限公司-北市天福店,臺北市,111台北市士林區中山北路六段431之4號1樓,A001597,卓東平,(02)89781406,連鎖型綠色商店,121.52704733495,25.114067632292
萊爾富國際股份有限公司-北市文辛店,臺北市,116臺北市文山區辛亥路四段218.220號,A001422,卓東平,02-66068688分機356,連鎖型綠色商店,121.555389315614,25.002355512698
萊爾富國際股份有限公司-北市文武店,臺北市,116臺北市文山區羅斯福路五段203號1樓,A001240,卓東平,02-66068688分機356,連鎖型綠色商店,121.539028930263,25.002340383363
萊爾富國際股份有限公司-北市文創店,臺北市,105台北市中正區八德路一段34號,A001614,卓東平,(02)89786752,連鎖型綠色商店,121.530366125405,25.043674515575
萊爾富國際股份有限公司-北市文福店,臺北市,116臺北市文山區景福街230巷2號,A001316,卓東平,02-66068688分機356,連鎖型綠色商店,121.538976794825,24.993598058351
萊爾富國際股份有限公司-北市木新二店,臺北市,116臺北市文山區木新路三段232巷6弄18號,A001406,卓東平,02-66068688分機356,連鎖型綠色商店,121.559734326582,24.981963180463
萊爾富國際股份有限公司-北市木新三店,臺北市,116臺北市文山區木新路二段163號,A001413,卓東平,02-66068688分機356,連鎖型綠色商店,121.568758954093,24.983865411479
萊爾富國際股份有限公司-北市世新店,臺北市,116臺北市文山區木柵路一段8號,A001245,卓東平,02-66068688分機356,連鎖型綠色商店,121.546099484687,24.986657339608
萊爾富國際股份有限公司-北市北天店,臺北市,112臺北市北投區一德里中央北路四段8號1樓,A001273,卓東平,02-66068688分機356,連鎖型綠色商店,121.478891876284,25.135565118462
萊爾富國際股份有限公司-北市北功店,臺北市,112臺北市北投區立德路60號,A001278,卓東平,02-66068688分機356,連鎖型綠色商店,121.471857112586,25.125505283999
萊爾富國際股份有限公司-北市北和店,臺北市,112臺北市北投區中和里中和街402號1樓,A001442,卓東平,02-66068688分機356,連鎖型綠色商店,121.49816220696,25.1435658965
萊爾富國際股份有限公司-北市北武店,臺北市,112臺北市北投區學園路2號（北台科學技術學院-飲和樓商場）,A001293,卓東平,02-66068688分機356,連鎖型綠色商店,121.467618048874,25.132789199768
萊爾富國際股份有限公司-北市北科大店,臺北市,106臺北市大安區建國南路一段81號(台北科技大學),A001296,卓東平,02-66068688分機356,連鎖型綠色商店,121.537471572653,25.0435582665
萊爾富國際股份有限公司-北市北商店,臺北市,100臺北市中正區濟南路一段321號五育樓B1（國立台北商業技術學院）,A001411,卓東平,02-66068688分機356,連鎖型綠色商店,121.525531886856,25.041946971343
萊爾富國際股份有限公司-北市北崗店,臺北市,112臺北市北投區桃園里中央北路三段44.46號,A001340,卓東平,02-66068688分機356,連鎖型綠色商店,121.485413751325,25.138303947234
萊爾富國際股份有限公司-北市北清店,臺北市,112台北市北投區清江路53及55號,A001641,卓東平,(02)89783776,連鎖型綠色商店,121.502133133589,25.130720336517
萊爾富國際股份有限公司-北市北華店,臺北市,112臺北市北投區石牌路二段201號,A001434,卓東平,02-66068688分機356,連鎖型綠色商店,121.519165831394,25.11918226961
萊爾富國際股份有限公司-北市北裕店,臺北市,112臺北市北投區裕民六路120號,A001364,卓東平,02-66068688分機356,連鎖型綠色商店,121.51763655316,25.114560236742
萊爾富國際股份有限公司-北市北達店,臺北市,112臺北市北投區清江路47.49號,A001250,卓東平,02-66068688分機356,連鎖型綠色商店,121.502134893789,25.13095117413
萊爾富國際股份有限公司-北市古亭店,臺北市,100台北市中正區辛亥路一段17巷2號及19號,A001634,卓東平,(02)89787384,連鎖型綠色商店,121.527994070914,25.019207035666
萊爾富國際股份有限公司-北市司法店,臺北市,100臺北市中正區博愛路131號B1,A001241,卓東平,02-66068688分機356,連鎖型綠色商店,121.511103027273,25.036824371217
萊爾富國際股份有限公司-北市台大店,臺北市,100台北市中正區常德街1號B1,A001610,卓東平,(02)23146218,連鎖型綠色商店,121.517171525172,25.04140013598
萊爾富國際股份有限公司-北市台泥店,臺北市,104臺北市中山區錦州街32號,A001297,卓東平,02-66068688分機356,連鎖型綠色商店,121.524911542202,25.060219729813
萊爾富國際股份有限公司-北市市政店,臺北市,110台北市信義區市府路1號(市政大樓地下二樓),A001638,卓東平,(02)89783410,連鎖型綠色商店,121.563783791644,25.037523002847
萊爾富國際股份有限公司-北市正台店,臺北市,100臺北市中正區常德街1號(臺大醫院),A001360,卓東平,02-66068688分機356,連鎖型綠色商店,121.517171525172,25.04140013598
萊爾富國際股份有限公司-北市正光店,臺北市,100臺北市中正區市民大道三段8號1樓(光華商場光華新天地),A001421,卓東平,02-66068688分機356,連鎖型綠色商店,121.532100784374,25.045215913581
萊爾富國際股份有限公司-北市正宏店,臺北市,100臺北市中正區八德路一段46號,A001416,卓東平,02-66068688分機356,連鎖型綠色商店,121.530868057874,25.043764377499
萊爾富國際股份有限公司-北市正佳店,臺北市,100臺北市中正區辛亥路一段39.41號1樓,A001334,卓東平,02-66068688分機356,連鎖型綠色商店,121.528431941536,25.019492984293
萊爾富國際股份有限公司-北市正忠店,臺北市,100台北市中正區梅花里８鄰忠孝東路一段３５號一樓全部,A001623,卓東平,(02)89781634,連鎖型綠色商店,121.525535574893,25.044487777652
萊爾富國際股份有限公司-北市正東店,臺北市,100臺北市中正區紹興南街4-12號1樓,A001254,卓東平,02-66068688分機356,連鎖型綠色商店,121.524680117855,25.043336271794
萊爾富國際股份有限公司-北市正前店,臺北市,100台北市中正區忠孝西路一段173號，台北西B站,A001598,卓東平,(02)23831025,連鎖型綠色商店,121.513483935227,25.04732225169
萊爾富國際股份有限公司-北市正泉店,臺北市,100臺北市中正區泉州街31.34號1樓,A001441,卓東平,02-66068688分機356,連鎖型綠色商店,121.514312709456,25.029478597003
萊爾富國際股份有限公司-北市正博店,臺北市,100臺北市中正區博愛路9號,A001424,卓東平,02-66068688分機356,連鎖型綠色商店,121.51150317933,25.045915425311
萊爾富國際股份有限公司-北市正喜店,臺北市,100臺北市中正區板溪里牯嶺街117號1樓,A001336,卓東平,02-66068688分機356,連鎖型綠色商店,121.519112354852,25.025154079788
萊爾富國際股份有限公司-北市正童店,臺北市,100臺北市中正區中山南路8號(台大兒童綜合醫院)   ,A001405,卓東平,02-66068688分機356,連鎖型綠色商店,121.518750591911,25.044343147913
萊爾富國際股份有限公司-北市正裕店,臺北市,100臺北市中正區忠孝西路50號1樓,A001397,卓東平,02-66068688分機356,連鎖型綠色商店,121.5188339,25.0393501
萊爾富國際股份有限公司-北市正德店,臺北市,100臺北市中正區八德路一段82巷7號1樓,A001259,卓東平,02-66068688分機356,連鎖型綠色商店,121.531889141319,25.043659603709
萊爾富國際股份有限公司-北市正慶店,臺北市,100臺北市中正區衡陽路103號,A001244,卓東平,02-66068688分機356,連鎖型綠色商店,121.509135459321,25.042252994628
萊爾富國際股份有限公司-北市正館店,臺北市,100臺北市中正區館前路45號1樓,A001375,卓東平,02-66068688分機356,連鎖型綠色商店,121.515122066026,25.045189049582
萊爾富國際股份有限公司-北市正豐店,臺北市,100臺北市中正區許昌街26-2號,A001385,卓東平,02-66068688分機356,連鎖型綠色商店,121.516269129476,25.045444739538
萊爾富國際股份有限公司-北市正醫店,臺北市,100臺北市中正區中山南路7號B1(台大醫院),A001301,卓東平,02-66068688分機356,連鎖型綠色商店,121.518557891957,25.040775726103
萊爾富國際股份有限公司-北市正寶店,臺北市,100台北市中正區寶慶路35號,A001616,卓東平,(02)23705368,連鎖型綠色商店,121.51029559854,25.041492965557
萊爾富國際股份有限公司-北市正鑽店,臺北市,100臺北市中正區館前路36號 ,A001393,卓東平,02-66068688分機356,連鎖型綠色商店,121.514906734934,25.044565310257
萊爾富國際股份有限公司-北市民生店,臺北市,104臺北市中山區民生西路2號,A001366,卓東平,02-66068688分機356,連鎖型綠色商店,121.522426978463,25.057731436127
萊爾富國際股份有限公司-北市民東店,臺北市,"114臺北市內湖區民權東路六段69,71,75號",A001324,卓東平,02-66068688分機356,連鎖型綠色商店,121.587598454946,25.069215649305
萊爾富國際股份有限公司-北市民權二店,臺北市,105臺北市松山區民權東路五段32號,A001343,卓東平,02-66068688分機356,連鎖型綠色商店,121.5644213192,25.06284728882
萊爾富國際股份有限公司-北市民權三店,臺北市,114臺北市內湖區民權東路六段90巷8號,A001272,卓東平,02-66068688分機356,連鎖型綠色商店,121.585956607752,25.068324694907
萊爾富國際股份有限公司-北市永捷店,臺北市,104台北市中山區松江路27號,A001599,卓東平,(02)25048276,連鎖型綠色商店,121.533155395432,25.047240604203
萊爾富國際股份有限公司-北市甘州店,臺北市,103臺北市大同區歸綏街183號,A001288,卓東平,02-66068688分機356,連鎖型綠色商店,121.512813103158,25.058263393612
萊爾富國際股份有限公司-北市立農店,臺北市,112台北市北投區義理街96號及立農街2段292號,A001617,卓東平,(02)89781336,連鎖型綠色商店,121.516449927127,25.118541766479
萊爾富國際股份有限公司-北市同吉店,臺北市,103臺北市大同區昌吉街63號,A001275,卓東平,02-66068688分機356,連鎖型綠色商店,121.514702803229,25.065992556077
萊爾富國際股份有限公司-北市同安店,臺北市,103臺北市大同區重慶北路一段63號,A001277,卓東平,02-66068688分機356,連鎖型綠色商店,121.514040232383,25.051705260655
萊爾富國際股份有限公司-北市同京店,臺北市,103臺北市大同區西寧北路35號,A001394,卓東平,02-66068688分機356,連鎖型綠色商店,121.508830190407,25.053576526723
萊爾富國際股份有限公司-北市同密店,臺北市,103臺北市大同區重慶里哈密街59巷21號,A001354,卓東平,02-66068688分機356,連鎖型綠色商店,121.515794629937,25.074730396771
萊爾富國際股份有限公司-北市同捷店,臺北市,103臺北市大同區長安西路52-1號B1,A001248,卓東平,02-66068688分機356,連鎖型綠色商店,121.52002925124,25.05011492644
萊爾富國際股份有限公司-北市同淵店,臺北市,103臺北市大同區錦西街82號 1樓,A001388,卓東平,02-66068688分機356,連鎖型綠色商店,121.519049490578,25.060170863317
萊爾富國際股份有限公司-北市同達店,臺北市,103臺北市大同區延平北路二段114.116.118號.民生西路335號,A001258,卓東平,02-66068688分機356,連鎖型綠色商店,121.51145587303,25.057096609032
萊爾富國際股份有限公司-北市同德店,臺北市,103臺北市大同區承德路三段290號,A001280,卓東平,02-66068688分機356,連鎖型綠色商店,121.519421479441,25.073975564481
萊爾富國際股份有限公司-北市同慶店,臺北市,103臺北市大同區重慶北路一段24號1樓,A001299,卓東平,02-66068688分機356,連鎖型綠色商店,121.513479129185,25.050625384343
萊爾富國際股份有限公司-北市同蝶店,臺北市,103臺北市大同區南京西路30號,A001252,卓東平,02-66068688分機356,連鎖型綠色商店,121.519853650369,25.052610596201
萊爾富國際股份有限公司-北市如意店,臺北市,"104臺北市中山區松江路28,30,30-1號",A001284,卓東平,02-66068688分機356,連鎖型綠色商店,121.532724397971,25.047210387442
萊爾富國際股份有限公司-北市安平店,臺北市,110臺北市信義區仁愛路四段300巷15號1樓,A001298,卓東平,02-66068688分機356,連鎖型綠色商店,121.554514244923,25.036720938532
萊爾富國際股份有限公司-北市安平店,臺北市,106台北市大安區仁愛路4段300巷15號,A001632,卓東平,(02)27015782,連鎖型綠色商店,121.554514244923,25.036720938532
萊爾富國際股份有限公司-北市安弘店,臺北市,106臺北市大安區安居街10號,A001412,卓東平,02-66068688分機356,連鎖型綠色商店,121.554959826895,25.02114493168
萊爾富國際股份有限公司-北市安孝店,臺北市,106臺北市大安區忠孝東路三段287號,A001430,卓東平,02-66068688分機356,連鎖型綠色商店,121.542928606527,25.041760854312
萊爾富國際股份有限公司-北市安建店,臺北市,106臺北市大安區建國南路一段337號1樓,A001363,卓東平,02-66068688分機356,連鎖型綠色商店,121.538206246466,25.034478444156
萊爾富國際股份有限公司-北市安盈店,臺北市,106臺北市大安區和平東路一段129號 (台灣師範大學綜合大樓),A001281,卓東平,02-66068688分機356,連鎖型綠色商店,121.528411573511,25.026879829833
萊爾富國際股份有限公司-北市安泰店,臺北市,114臺北市內湖區安泰街32號,A001428,卓東平,02-66068688分機356,連鎖型綠色商店,121.618205896401,25.073410959483
萊爾富國際股份有限公司-北市安國店,臺北市,"106臺北市大安區光復南路290巷25號,25-1號",A001236,卓東平,02-66068688分機356,連鎖型綠色商店,121.556407800669,25.03929221306
萊爾富國際股份有限公司-北市安傑店,臺北市,106臺北市大安區復興南路二段146-1號 ,A001387,卓東平,02-66068688分機356,連鎖型綠色商店,121.543274028945,25.028539237114
萊爾富國際股份有限公司-北市安復店,臺北市,106臺北市大安區復興南路一段135巷21號1樓.B1,A001348,卓東平,02-66068688分機356,連鎖型綠色商店,121.545211505864,25.042709179708
萊爾富國際股份有限公司-北市安敦店,臺北市,106臺北市大安區仁愛路四段112巷7號,A001253,卓東平,02-66068688分機356,連鎖型綠色商店,121.549712252593,25.036915817781
萊爾富國際股份有限公司-北市安皓店,臺北市,106臺北市大安區忠孝東路四段181巷8號,A001437,卓東平,02-66068688分機356,連鎖型綠色商店,121.550700395159,25.041863655225
萊爾富國際股份有限公司-北市安華店,臺北市,106臺北市大安區華聲里延吉街131巷43號1樓,A001346,卓東平,02-66068688分機356,連鎖型綠色商店,121.555843866223,25.042962941827
萊爾富國際股份有限公司-北市安震店,臺北市,106臺北市大安區安東街50之2、50之3，50之4號,A001390,卓東平,02-66068688分機356,連鎖型綠色商店,121.542415470603,25.043081168571
萊爾富國際股份有限公司-北市安興店,臺北市,106台北市大安區復興南路2段148號1樓全部,A001607,卓東平,(02)89783502,連鎖型綠色商店,121.543279309544,25.028259491095
萊爾富國際股份有限公司-北市安龍店,臺北市,106臺北市大安區臥龍街145之1號,A001342,卓東平,02-66068688分機356,連鎖型綠色商店,121.550812293566,25.01850630856
萊爾富國際股份有限公司-北市安聯店,臺北市,"106臺北市大安區光復南路98之3號,98之5號",A001257,卓東平,02-66068688分機356,連鎖型綠色商店,121.55755964816,25.043999706183
萊爾富國際股份有限公司-北市安豐店,臺北市,106臺北市大安區復興南路一段265號,A001331,卓東平,02-66068688分機356,連鎖型綠色商店,121.543854308102,25.035915018542
萊爾富國際股份有限公司-北市安醫店,臺北市,106臺北市大安區仁愛路四段10號1樓(北市仁愛醫院),A001386,卓東平,02-66068688分機356,連鎖型綠色商店,121.545302198057,25.037539976201
萊爾富國際股份有限公司-北市安麗店,臺北市,106臺北市大安區金山南路二段69.71號1樓,A001291,卓東平,02-66068688分機356,連鎖型綠色商店,121.527034678276,25.031823853511
萊爾富國際股份有限公司-北市安鑽店,臺北市,106臺北市大安區敦化南路一段197號,A001266,卓東平,02-66068688分機356,連鎖型綠色商店,121.549260048917,25.042219718472
萊爾富國際股份有限公司-北市成康店,臺北市,114臺北市內湖區成功路五段420巷7‧9號,A001313,卓東平,02-66068688分機356,連鎖型綠色商店,121.607829435546,25.075444912107
萊爾富國際股份有限公司-北市成康店,臺北市,114台北市內湖區成功路五段420巷7‧9號,A001625,卓東平,(02)26342297,連鎖型綠色商店,121.607829435546,25.075444912107
萊爾富國際股份有限公司-北市米蘭店,臺北市,114台北市內湖區內湖路一段120巷16號一樓全部,A001612,卓東平,(02)26598412,連鎖型綠色商店,121.562661957723,25.082665209231
萊爾富國際股份有限公司-北市衣蝶店,臺北市,103臺北市大同區南京西路63號,A001302,卓東平,02-66068688分機356,連鎖型綠色商店,121.518982519172,25.053117449886
萊爾富國際股份有限公司-北市宏普店,臺北市,114臺北市內湖區民權東路六段117號,A001260,卓東平,02-66068688分機356,連鎖型綠色商店,121.592187463116,25.069112384258
萊爾富國際股份有限公司-北市亞緹店,臺北市,114台北市內湖區江南街111號,A001608,卓東平,(02)89783354,連鎖型綠色商店,121.576413056616,25.076462181786
萊爾富國際股份有限公司-北市京承店,臺北市,103台北市大同區市民大道一段209號,A001601,卓東平,(02)25526312,連鎖型綠色商店,121.518349936939,25.048892761138
萊爾富國際股份有限公司-北市京站店,臺北市,103臺北市大同區市民大道一段209號(國道客運京站購物廣場),A001276,卓東平,02-66068688分機356,連鎖型綠色商店,121.518349936939,25.048892761138
萊爾富國際股份有限公司-北市和平店,臺北市,100臺北市中正區延平南路210號,A001292,卓東平,02-66068688分機356,連鎖型綠色商店,121.507468717875,25.034763261226
萊爾富國際股份有限公司-北市和信店,臺北市,112臺北市北投區立德路125號(和信醫院),A001279,卓東平,02-66068688分機356,連鎖型綠色商店,121.472011339605,25.128340546567
萊爾富國際股份有限公司-北市奇岩店,臺北市,112臺北市北投區中央南路二段5.7號,A001409,卓東平,02-66068688分機356,連鎖型綠色商店,121.500569741009,25.126075756329
萊爾富國際股份有限公司-北市居安店,臺北市,106台北市大安區安居街15號,A001642,卓東平,(02)89786747,連鎖型綠色商店,121.555041466632,25.020946406303
萊爾富國際股份有限公司-北市延平二店,臺北市,111臺北市士林區延平北路五段138號,A001419,卓東平,02-66068688分機356,連鎖型綠色商店,121.510462063137,25.082166192626
萊爾富國際股份有限公司-北市延平店,臺北市,103臺北市大同區延平北路二段255-1號,A001380,卓東平,02-66068688分機356,連鎖型綠色商店,121.511358172405,25.06237295692
萊爾富國際股份有限公司-北市延吉二店,臺北市,106臺北市大安區延吉街130號,A001235,卓東平,02-66068688分機356,連鎖型綠色商店,121.554710297638,25.040125960968
萊爾富國際股份有限公司-北市延年店,臺北市,103臺北市大同區延平北路三段40號一樓,A001432,卓東平,02-66068688分機356,連鎖型綠色商店,121.51100286353,25.064702581179
萊爾富國際股份有限公司-北市延壽店,臺北市,105臺北市松山區延壽街81號,A001391,卓東平,02-66068688分機356,連鎖型綠色商店,121.567236800477,25.05726372593
萊爾富國際股份有限公司-北市承德店,臺北市,111臺北市士林區承德路四段80巷59號,A001338,卓東平,02-66068688分機356,連鎖型綠色商店,121.523244297841,25.081511146893
萊爾富國際股份有限公司-北市昆陽店,臺北市,115臺北市南港區昆陽街99號,A001382,卓東平,02-66068688分機356,連鎖型綠色商店,121.593719591197,25.051413157513
萊爾富國際股份有限公司-北市明水店,臺北市,104臺北市中山區明水路397巷7弄32號,A001365,卓東平,02-66068688分機356,連鎖型綠色商店,121.549749216786,25.077874574381
萊爾富國際股份有限公司-北市明湖店,臺北市,114臺北市內湖區民權東路六段296巷68號,A001242,卓東平,02-66068688分機356,連鎖型綠色商店,121.60888605826,25.070246707215
萊爾富國際股份有限公司-北市杭州店,臺北市,106臺北市大安區杭州南路二段5號,A001308,卓東平,02-66068688分機356,連鎖型綠色商店,121.523995148728,25.034581918751
萊爾富國際股份有限公司-北市東方店,臺北市,106臺北市大安區信義路四段186巷8號(東方高級工商職業學校),A001425,卓東平,02-66068688分機356,連鎖型綠色商店,121.551491479181,25.032144838493
萊爾富國際股份有限公司-北市林口店,臺北市,110臺北市信義區林口街36號,A001337,卓東平,02-66068688分機356,連鎖型綠色商店,121.579438923662,25.037817668653
萊爾富國際股份有限公司-北市林森店,臺北市,104臺北市中山區林森北路101號,A001443,卓東平,02-66068688分機356,連鎖型綠色商店,121.524974238838,25.050152686914
萊爾富國際股份有限公司-北市松永店,臺北市,110臺北市信義區永吉路280號,A001329,卓東平,02-66068688分機356,連鎖型綠色商店,121.574267121765,25.045380953255
萊爾富國際股份有限公司-北市松育店,臺北市,105臺北市松山區八德路三段119號,A001320,卓東平,02-66068688分機356,連鎖型綠色商店,121.554060113409,25.048278870549
萊爾富國際股份有限公司-北市松柏店,臺北市,105臺北市松山區光復北路102號,A001407,卓東平,02-66068688分機356,連鎖型綠色商店,121.557710096965,25.050610171189
萊爾富國際股份有限公司-北市松站店,臺北市,110臺北市信義區松山路11號(松山車站),A001356,卓東平,02-66068688分機356,連鎖型綠色商店,121.57791,25.0486129
萊爾富國際股份有限公司-北市松康店,臺北市,105臺北市松山區鵬程里健康路325巷12弄2號1樓,A001339,卓東平,02-66068688分機356,連鎖型綠色商店,121.56735163255,25.055388275094
萊爾富國際股份有限公司-北市松清店,臺北市,105臺北市松山區南京東路五段250巷3-1號,A001327,卓東平,02-66068688分機356,連鎖型綠色商店,121.565957219138,25.050653254171
萊爾富國際股份有限公司-北市松華店,臺北市,105臺北市松山區南京東路五段34號,A001418,卓東平,02-66068688分機356,連鎖型綠色商店,121.559342975523,25.051312197489
萊爾富國際股份有限公司-北市松運店,臺北市,105臺北市松山區敦化北路338號(捷運松山機場),A001362,卓東平,02-66068688分機356,連鎖型綠色商店,121.551949634008,25.063161400642
萊爾富國際股份有限公司-北市松遠店,臺北市,105臺北市松山區莊敬里撫遠街369巷36號,A001335,卓東平,02-66068688分機356,連鎖型綠色商店,121.565970211088,25.064228291188
萊爾富國際股份有限公司-北市社子店,臺北市,111臺北市士林區社子街63巷2號,A001414,卓東平,02-66068688分機356,連鎖型綠色商店,121.506862203361,25.087573190726
萊爾富國際股份有限公司-北市社正店,臺北市,111臺北市士林區社正路27號,A001435,卓東平,02-66068688分機356,連鎖型綠色商店,121.50915373187,25.088667532005
萊爾富國際股份有限公司-北市虎嘯店,臺北市,106臺北市大安區敦化南路二段174號,A001426,卓東平,02-66068688分機356,連鎖型綠色商店,121.548356479755,25.023943481512
萊爾富國際股份有限公司-北市金湖店,臺北市,114臺北市內湖區金湖路403號,A001345,卓東平,02-66068688分機356,連鎖型綠色商店,121.604197975995,25.073326553718
萊爾富國際股份有限公司-北市金碧店,臺北市,114台北市內湖區金龍路64、66號壹樓全部,A001636,卓東平,(02)89782940,連鎖型綠色商店,121.592810657617,25.084827572612
萊爾富國際股份有限公司-北市長松店,臺北市,104台北市中山區松江路50號,A001611,卓東平,(02)89783405,連鎖型綠色商店,121.532741580872,25.048246139217
萊爾富國際股份有限公司-北市信北店,臺北市,110臺北市信義區中坡北路17.19號1樓,A001243,卓東平,02-66068688分機356,連鎖型綠色商店,121.580794947958,25.04475977041
萊爾富國際股份有限公司-北市信吉店,臺北市,110臺北市信義區永吉路125號,A001310,卓東平,02-66068688分機356,連鎖型綠色商店,121.570257051648,25.045816225487
萊爾富國際股份有限公司-北市信東店,臺北市,110臺北市信義區忠孝東路五段63號1樓,A001237,卓東平,02-66068688分機356,連鎖型綠色商店,121.56665216273,25.04127281487
萊爾富國際股份有限公司-北市信長店,臺北市,110臺北市信義區莊敬路290號,A001400,卓東平,02-66068688分機356,連鎖型綠色商店,121.562947612984,25.028570292065
萊爾富國際股份有限公司-北市信彩店,臺北市,110臺北市信義區基隆路一段350之41.43號,A001270,卓東平,02-66068688分機356,連鎖型綠色商店,121.561729387176,25.037013047858
萊爾富國際股份有限公司-北市信誠店,臺北市,110臺北市信義區松山路537號及541巷1號,A001359,卓東平,02-66068688分機356,連鎖型綠色商店,121.578313317885,25.037808741926
萊爾富國際股份有限公司-北市信德店,臺北市,110臺北市信義區虎林街164巷60弄2號,A001238,卓東平,02-66068688分機356,連鎖型綠色商店,121.57450298852,25.037945241219
萊爾富國際股份有限公司-北市南海店,臺北市,"100臺北市中正區南海路12,14號",A001355,卓東平,02-66068688分機356,連鎖型綠色商店,121.517001772069,25.032525976238
萊爾富國際股份有限公司-北市南港二店,臺北市,115臺北市南港區忠孝東路七段639號,A001317,卓東平,02-66068688分機356,連鎖型綠色商店,121.616085107259,25.053328883393
萊爾富國際股份有限公司-北市南港三店,臺北市,115臺北市南港區忠孝東路六段252號,A001261,卓東平,02-66068688分機356,連鎖型綠色商店,121.588297840947,25.048925282922
萊爾富國際股份有限公司-北市哈密店,臺北市,103臺北市大同區重慶北路三段278號之2,A001321,卓東平,02-66068688分機356,連鎖型綠色商店,121.51359035704,25.072474323713
太平洋崇光百貨股份有限公司天母分公司,臺北市,111臺北市士林區中山北路6段77號,A000091,汪郭鼎松,02-27765555#5281,非連鎖型綠色商店,121.52427803796,25.105007004507
加祥車業有限公司,臺北市,103臺北市大同區103延平北路2段256號,A001649,蕭耿祥,02-25571818,非連鎖型綠色商店,121.511276197392,25.060296214679
台灣富士軟片資訊股份有限公司,臺北市,105臺北市松山區中正里敦化北路88號7樓,A001475,勝田明典,02-27319099#6705,非連鎖型綠色商店,121.54850056467,25.051353604091
台塩生技台北門市,臺北市,100臺北市中正區衡陽路126號,A001738,官思瑩,06-2160688#268,非連鎖型綠色商店,121.509381468179,25.042088206411
永發電器有限公司,臺北市,108臺北市萬華區萬大路299號,A001667,陳麗君,223099672,非連鎖型綠色商店,121.50052380818,25.024875046231
禾晉電器有限公司,臺北市,111臺北市士林區大北路80號,A001448,林素卿,28814262,非連鎖型綠色商店,121.524885642121,25.090244042263
伊果文創印刷庇護工場,臺北市,116臺北市文山區保儀路9號4樓,A001750,潘建霖,02-29392169,非連鎖型綠色商店,121.568641607449,24.988668325818
有限責任監察院員工消費合作社,臺北市,100臺北市中正區忠孝東路一段2號,A001739,童文龍,02-23413183#525,非連鎖型綠色商店,121.520147352256,25.045205268564
百裕電業有限公司,臺北市,114臺北市內湖區,A000095,徐文山,2652-1066~8,非連鎖型綠色商店,121.5786291,25.0734541
法蘭西床股份有限公司台北分公司,臺北市,110臺北市信義區松隆路18號,A000080,顏義人,02-89412421,非連鎖型綠色商店,121.566885347276,25.043158575447
阿瘦實業股份有限公司內湖店,臺北市,114臺北市內湖區成功路四段40號,A001735,羅榮岳,02-27932473,非連鎖型綠色商店,121.591895521428,25.081937827674
皇儒貴有限公司,臺北市,114台北市內湖區康樂街72巷17弄16號1樓,A000081,陳明宏,02-26316068,非連鎖型綠色商店,121.617929377415,25.069954053066
朝北資訊有限公司,臺北市,112臺北市北投區承德路七段188巷17號,A001654,吳芝偉,02-28286380,非連鎖型綠色商店,121.508896155985,25.114549424087
新吉勝油漆工程有限公司,臺北市,108臺北市萬華區西藏路66號,A001664,林繼材,02-23022609,非連鎖型綠色商店,121.505867439092,25.030557306032
瑞豐電器行,臺北市,114臺北市內湖區金龍路117號1樓,A001650,劉斯元,02-27936795,非連鎖型綠色商店,121.590683749686,25.085759388788
裕達電器有限公司,臺北市,111臺北市士林區延平北路６段１０６號１樓,A001662,何光珠,02-28112681,非連鎖型綠色商店,121.508063833,25.088955618017
環保署員工消費合作社,臺北市,100臺北市中正區中華路1段83號12樓,A001498,顏瑞錫,02-23117722#2260,非連鎖型綠色商店,121.507701567145,25.038503727428
